Id,Price
11001,236948.89
11002,754973.08
11003,1284129.32
11004,2384078.71
11005,2447303.82
11006,2790380.42
11007,2462324.5
11008,2400997.38
11009,418860.26
11010,1628401.61
11011,2109656.77
11012,1666811.49
11013,1440844.06
11014,1583837.18
11015,1044325.69
11016,977378.42
11017,2194107.57
11018,-116374.5
11019,380094.44
11020,420296.96
11021,-131358.43
11022,423593.0
11023,578951.08
11024,475300.25
11025,1662823.45
11026,2478244.12
11027,1042718.18
11028,514736.36
11029,686913.21
11030,1883497.66
11031,585081.79
11032,975326.44
11033,1046689.14
11034,1309000.26
11035,1021261.77
11036,-51434.2
11037,1003673.77
11038,1057697.1
11039,986358.14
11040,1247648.75
11041,1921107.97
11042,97533.92
11043,1284129.32
11044,87501.77
11045,801478.6
11046,1574978.03
11047,1171536.79
11048,721412.76
11049,2135893.63
11050,1353472.84
11051,180635.42
11052,1023555.08
11053,1806040.45
11054,533277.95
11055,368086.29
11056,1784402.16
11057,550570.3
11058,1218389.3
11059,73741.29
11060,1291815.95
11061,114816.79
11062,977378.42
11063,1869711.19
11064,811906.32
11065,846351.29
11066,208179.7
11067,2254285.93
11068,977378.42
11069,1073727.24
11070,1767612.22
11071,1440620.17
11072,2153105.05
11073,1003671.92
11074,2213100.25
11075,1098871.24
11076,1568991.89
11077,327607.77
11078,260105.72
11079,1366042.97
11080,2546978.22
11081,1043821.07
11082,392937.98
11083,1236246.53
11084,710197.97
11085,575464.76
11086,437067.82
11087,723055.08
11088,72010.72
11089,823494.55
11090,1064632.14
11091,2370890.23
11092,1973405.37
11093,-36693.31
11094,2772348.14
11095,889184.31
11096,502698.75
11097,692791.7
11098,909024.67
11099,1490693.37
11100,1973405.37
11101,1236942.18
11102,1885471.22
11103,956212.5
11104,814895.28
11105,592588.55
11106,1075151.02
11107,2989231.78
11108,548372.59
11109,1575676.11
11110,286333.78
11111,417520.81
11112,207507.74
11113,1595809.87
11114,3341038.67
11115,849171.92
11116,-111813.17
11117,1018163.98
11118,768533.94
11119,1821259.05
11120,1281454.99
11121,1789501.86
11122,740589.92
11123,28240.64
11124,1792335.78
11125,488931.8
11126,698881.08
11127,858748.56
11128,1004484.42
11129,1821259.05
11130,2456029.69
11131,432225.32
11132,867305.76
11133,578951.08
11134,2462324.5
11135,1055172.98
11136,336041.6
11137,359794.79
11138,1277864.32
11139,260413.03
11140,2453589.86
11141,1584481.47
11142,1155414.39
11143,1108090.76
11144,1890844.42
11145,496728.43
11146,1095248.88
11147,1426609.56
11148,1403228.9
11149,754973.08
11150,800227.66
11151,1353678.36
11152,1047259.36
11153,2747369.73
11154,1595809.87
11155,1491763.0
11156,937141.3
11157,260108.02
11158,1231258.05
11159,1074215.17
11160,1075151.02
11161,853168.34
11162,1371807.94
11163,1083036.89
11164,1595809.87
11165,988328.86
11166,2098537.27
11167,22432.18
11168,642667.31
11169,972286.99
11170,990829.51
11171,1905923.58
11172,1117841.19
11173,742607.97
11174,1728687.46
11175,393572.13
11176,856094.65
11177,616560.59
11178,2563087.41
11179,1315138.58
11180,1332019.7
11181,921084.36
11182,1632180.38
11183,1000373.8
11184,43480.2
11185,206634.11
11186,1427114.22
11187,58761.1
11188,461497.63
11189,270222.75
11190,832471.06
11191,970236.1
11192,952698.76
11193,1466712.67
11194,1394740.13
11195,413582.95
11196,15879.3
11197,1131580.43
11198,2560107.4
11199,548372.59
11200,172476.04
11201,1560667.55
11202,1027861.25
11203,1639930.35
11204,1220705.22
11205,848638.84
11206,884719.97
11207,1521504.51
11208,1174519.23
11209,854743.28
11210,673922.4
11211,1464340.4
11212,586723.76
11213,1532741.23
11214,2092852.84
11215,326206.08
11216,1657502.13
11217,1539458.32
11218,86087.09
11219,-615390.18
11220,302869.69
11221,1983092.1
11222,742607.97
11223,917532.2
11224,668774.36
11225,418860.26
11226,318743.61
11227,434063.61
11228,1905404.11
11229,1295604.23
11230,1116452.09
11231,1849707.99
11232,593498.87
11233,1042351.39
11234,497637.93
11235,1637256.52
11236,2425333.44
11237,434063.61
11238,384087.49
11239,1343251.83
11240,543691.38
11241,2085103.78
11242,847866.09
11243,1079413.2
11244,1163464.67
11245,3717279.35
11246,548372.59
11247,2057593.47
11248,1868049.09
11249,241932.07
11250,1706680.62
11251,566185.67
11252,1093722.25
11253,1091192.89
11254,177830.08
11255,1966333.09
11256,862873.35
11257,796261.53
11258,1847570.77
11259,431498.36
11260,1745581.99
11261,410635.34
11262,476968.36
11263,1537565.37
11264,977378.42
11265,-197167.42
11266,1040058.69
11267,343676.1
11268,548372.59
11269,1502483.86
11270,1091192.89
11271,442596.8
11272,977378.42
11273,824709.0
11274,624954.2
11275,1527565.99
11276,252228.44
11277,283192.76
11278,1820917.32
11279,411405.69
11280,993111.97
11281,1467268.48
11282,1757526.22
11283,909377.16
11284,1704144.99
11285,1167124.42
11286,187359.32
11287,774963.88
11288,441216.08
11289,505963.31
11290,186584.07
11291,1151412.69
11292,1825280.1
11293,2153105.05
11294,1972702.67
11295,915721.12
11296,961904.44
11297,657686.85
11298,109828.82
11299,2071391.13
11300,577368.9
11301,801356.47
11302,1792335.78
11303,-48760.58
11304,2109916.62
11305,1388870.84
11306,1506332.6
11307,90022.74
11308,895476.27
11309,972286.99
11310,1256874.34
11311,1209518.53
11312,909377.16
11313,948110.93
11314,798335.61
11315,567019.1
11316,937141.3
11317,909377.16
11318,1188184.23
11319,2430954.07
11320,1866393.83
11321,1258903.07
11322,2453589.86
11323,1199581.69
11324,1297354.3
11325,730343.91
11326,1440620.17
11327,702654.82
11328,760977.41
11329,586259.93
11330,473304.54
11331,1420552.14
11332,157226.07
11333,1229887.38
11334,1919889.31
11335,2617857.39
11336,1578580.53
11337,685641.74
11338,1389285.97
11339,914790.88
11340,1187180.99
11341,1479215.17
11342,471791.7
11343,1694908.03
11344,1025727.8
11345,-21139.78
11346,2055860.6
11347,299501.74
11348,1575676.11
11349,796261.53
11350,1912668.93
11351,451184.36
11352,425183.92
11353,1199581.69
11354,1580702.59
11355,730343.91
11356,937141.3
11357,497637.93
11358,1660223.74
11359,1126404.72
11360,797884.6
11361,390538.57
11362,1004361.61
11363,2741436.41
11364,-36870.12
11365,783147.75
11366,996186.03
11367,1220900.31
11368,1063178.32
11369,413579.52
11370,1275006.17
11371,257652.5
11372,2085103.78
11373,1826541.87
11374,766043.67
11375,646166.78
11376,759112.62
11377,1523512.18
11378,1453037.0
11379,1030051.76
11380,-222811.23
11381,1524952.76
11382,128668.16
11383,867673.73
11384,1234018.95
11385,698881.08
11386,1223960.51
11387,1745581.99
11388,1296636.75
11389,639660.9
11390,1676084.2
11391,763448.62
11392,937141.3
11393,186822.24
11394,636300.03
11395,849171.92
11396,1224208.19
11397,1027831.38
11398,1506332.6
11399,945862.57
11400,286258.76
11401,1621327.11
11402,1285471.58
11403,38887.26
11404,883699.79
11405,801356.47
11406,892960.95
11407,1674771.99
11408,1719507.07
11409,569368.75
11410,505963.31
11411,1910484.59
11412,1036256.86
11413,1953207.15
11414,719659.59
11415,1751202.1
11416,1517807.51
11417,1808249.57
11418,1539903.06
11419,1220900.31
11420,2085103.78
11421,422905.67
11422,216804.3
11423,834277.27
11424,328513.07
11425,52383.5
11426,569947.14
11427,796261.53
11428,943745.12
11429,896262.11
11430,977378.42
11431,1441035.3
11432,367937.65
11433,1328050.57
11434,2549333.22
11435,1509068.65
11436,596432.66
11437,1477846.97
11438,-404572.64
11439,1955258.57
11440,2369103.07
11441,-514739.17
11442,1337726.41
11443,1440844.06
11444,384159.96
11445,458025.4
11446,2146899.8
11447,-623833.41
11448,544320.06
11449,482143.92
11450,142943.1
11451,1192184.8
11452,1330243.55
11453,549638.88
11454,-128825.07
11455,1345406.45
11456,-630282.58
11457,498240.96
11458,943143.97
11459,796261.53
11460,2257397.72
11461,543419.14
11462,541264.96
11463,1006155.04
11464,1063178.32
11465,2224361.99
11466,-100706.04
11467,821373.66
11468,354177.27
11469,2153105.05
11470,1545326.87
11471,2124773.6
11472,2323010.92
11473,-277977.11
11474,1827205.53
11475,555143.44
11476,2119125.06
11477,1418072.37
11478,324529.54
11479,1610426.08
11480,1951339.23
11481,-19598.2
11482,902573.27
11483,2565953.25
11484,1440620.17
11485,273242.98
11486,928184.77
11487,1219695.13
11488,688851.35
11489,1492945.84
11490,614321.87
11491,1057107.92
11492,1983092.1
11493,756247.78
11494,2182202.79
11495,1704144.99
11496,1962987.43
11497,909377.16
11498,571912.59
11499,376556.52
11500,2325181.82
11501,243498.33
11502,1466297.54
11503,17453.45
11504,-319135.8
11505,613357.07
11506,1002672.26
11507,252393.79
11508,1655840.37
11509,790261.13
11510,1238933.83
11511,1056823.4
11512,1704562.87
11513,550075.14
11514,-115564.18
11515,-466211.09
11516,809319.06
11517,1342700.02
11518,2956382.34
11519,801356.47
11520,788149.64
11521,3288502.94
11522,1527989.79
11523,969561.38
11524,588221.71
11525,-450016.78
11526,1023555.08
11527,578951.08
11528,647970.5
11529,925168.6
11530,1199581.69
11531,48860.45
11532,743917.15
11533,505963.31
11534,-128825.07
11535,842188.87
11536,1790044.04
11537,340572.31
11538,668120.08
11539,514736.36
11540,826174.33
11541,796261.53
11542,1828464.3
11543,686939.94
11544,478955.84
11545,224131.76
11546,2830523.88
11547,974724.59
11548,866813.32
11549,208290.68
11550,977378.42
11551,719659.59
11552,785608.87
11553,1383943.27
11554,1821259.05
11555,274796.51
11556,792568.63
11557,1784457.79
11558,417765.64
11559,770575.87
11560,1220705.22
11561,-100667.26
11562,1435109.17
11563,33710.62
11564,540531.41
11565,528413.81
11566,854859.46
11567,1635127.89
11568,-137948.83
11569,1563149.42
11570,-36693.31
11571,328513.07
11572,1797870.36
11573,1028420.59
11574,1450870.03
11575,1561062.22
11576,-21139.78
11577,249810.84
11578,2064595.24
11579,347735.95
11580,3825566.89
11581,801356.47
11582,328513.07
11583,937556.42
11584,796261.53
11585,-93535.12
11586,191523.05
11587,578951.08
11588,1216739.22
11589,840655.07
11590,1266309.26
11591,574042.31
11592,-66712.55
11593,1926627.07
11594,816452.27
11595,1350651.23
11596,1054680.93
11597,2213100.25
11598,691782.43
11599,729022.58
11600,604250.09
11601,1123203.18
11602,1992363.67
11603,409102.59
11604,52947.4
11605,548372.59
11606,2153105.05
11607,849171.92
11608,1531845.51
11609,1769892.95
11610,988328.86
11611,1729773.14
11612,1550334.1
11613,1351680.96
11614,1766330.1
11615,1002068.1
11616,966285.8
11617,1240788.43
11618,1605882.84
11619,405168.65
11620,837165.91
11621,1563149.42
11622,1751202.1
11623,1572945.87
11624,796261.53
11625,1977083.1
11626,1850604.88
11627,1960232.19
11628,632586.59
11629,757683.16
11630,-327725.29
11631,972286.99
11632,796261.53
11633,1177093.98
11634,1039743.56
11635,407882.23
11636,210444.2
11637,2136024.85
11638,2302318.2
11639,2824831.01
11640,1744145.46
11641,-310202.9
11642,1209920.93
11643,424838.11
11644,682546.9
11645,754187.46
11646,1471294.21
11647,478955.84
11648,1136018.64
11649,142998.85
11650,2018430.92
11651,692791.7
11652,1870200.82
11653,618311.1
11654,1125698.36
11655,360952.64
11656,56534.63
11657,1144831.64
11658,1850604.88
11659,2019741.7
11660,1144046.23
11661,2105737.77
11662,1717351.43
11663,1042024.46
11664,2224224.69
11665,369171.68
11666,1440620.17
11667,1253830.52
11668,1913821.58
11669,2211941.02
11670,637738.54
11671,-78212.58
11672,258786.1
11673,223990.89
11674,1134145.51
11675,584417.19
11676,189639.18
11677,-220034.72
11678,1888918.59
11679,1075151.02
11680,1785352.7
11681,332152.44
11682,1004522.18
11683,1916943.58
11684,497637.93
11685,531562.77
11686,802182.11
11687,1407998.17
11688,1523204.34
11689,625460.75
11690,626009.97
11691,498666.1
11692,-233314.1
11693,1074202.18
11694,899701.09
11695,329261.88
11696,1497526.98
11697,2453589.86
11698,378240.66
11699,2153105.05
11700,390538.57
11701,766523.33
11702,1004633.18
11703,2864065.62
11704,2145747.15
11705,491942.05
11706,1966333.09
11707,1930908.12
11708,1683030.68
11709,1870293.76
11710,1077636.86
11711,1333159.24
11712,1706775.76
11713,2716418.88
11714,1033289.82
11715,2929624.19
11716,686630.81
11717,2462324.5
11718,654549.36
11719,717801.41
11720,799382.26
11721,2153105.05
11722,1075996.76
11723,876772.81
11724,1383157.93
11725,90022.74
11726,1004633.18
11727,682439.81
11728,1255301.54
11729,-43832.33
11730,1054680.93
11731,72742.19
11732,914843.27
11733,437067.82
11734,1507674.85
11735,763432.41
11736,362309.22
11737,864159.69
11738,3929249.33
11739,142943.1
11740,1377326.06
11741,566927.89
11742,577345.66
11743,1862900.51
11744,1061994.12
11745,1686590.35
11746,1440844.06
11747,-173019.61
11748,1558542.33
11749,296967.42
11750,129216.72
11751,847866.09
11752,1483111.34
11753,2056934.84
11754,2358596.83
11755,796261.53
11756,2030273.96
11757,1378012.52
11758,1150609.93
11759,423593.0
11760,216870.58
11761,914790.88
11762,2181580.88
11763,1015933.51
11764,909377.16
11765,909377.16
11766,1363433.51
11767,558733.44
11768,2189952.18
11769,564657.96
11770,-20767.41
11771,407165.13
11772,-77499.67
11773,1821259.05
11774,152469.07
11775,847866.09
11776,2709951.65
11777,527218.92
11778,1053801.61
11779,858844.07
11780,472299.14
11781,1008868.25
11782,582792.73
11783,1098931.26
11784,2555429.28
11785,720183.58
11786,1177613.8
11787,1353472.84
11788,7177094.04
11789,295386.5
11790,1042024.46
11791,775679.11
11792,537832.21
11793,596432.66
11794,353716.8
11795,1386638.12
11796,-392749.76
11797,763448.62
11798,98663.51
11799,917759.31
11800,-319135.8
11801,952945.92
11802,33806.45
11803,2085103.78
11804,1581756.08
11805,692791.7
11806,1393202.58
11807,341500.54
11808,1693182.5
11809,884149.77
11810,1546731.17
11811,1605272.6
11812,1091192.89
11813,1006612.46
11814,850069.07
11815,1563149.42
11816,318292.06
11817,917560.28
11818,1485768.4
11819,734819.25
11820,1534744.06
11821,2743957.3
11822,1384134.74
11823,2695441.68
11824,2085103.78
11825,2258366.04
11826,1444082.98
11827,1527574.67
11828,607885.31
11829,1171775.18
11830,1388870.84
11831,818100.29
11832,2556047.11
11833,909377.16
11834,264740.4
11835,1907928.3
11836,654059.27
11837,987828.3
11838,593542.75
11839,1654652.54
11840,118632.5
11841,1575676.11
11842,2805094.68
11843,1328050.57
11844,2561036.84
11845,848828.72
11846,1158548.64
11847,2462324.5
11848,1393999.85
11849,448334.06
11850,472880.09
11851,972286.99
11852,1438298.41
11853,626963.45
11854,819076.87
11855,1253830.52
11856,644248.69
11857,1722067.12
11858,1285471.58
11859,418860.26
11860,1079049.09
11861,2144189.6
11862,2325181.82
11863,801122.73
11864,315045.41
11865,1215504.67
11866,558569.09
11867,730343.91
11868,140906.21
11869,436549.6
11870,1737928.21
11871,1973405.37
11872,2029385.54
11873,187359.32
11874,710353.23
11875,706904.61
11876,3252089.12
11877,1242386.9
11878,986358.14
11879,602273.77
11880,224528.63
11881,230457.73
11882,-251175.75
11883,1751202.1
11884,548372.59
11885,981402.0
11886,1443514.75
11887,1717459.3
11888,777946.02
11889,493034.85
11890,2369103.07
11891,1534833.35
11892,1523204.34
11893,304433.13
11894,1610647.35
11895,1291815.95
11896,909377.16
11897,910088.56
11898,466038.87
11899,1197529.71
11900,1154616.99
11901,1930901.77
11902,909377.16
11903,1882427.02
11904,436299.37
11905,798894.33
11906,2280156.28
11907,904225.55
11908,373343.48
11909,1093902.58
11910,748451.01
11911,2055860.6
11912,497682.77
11913,1309680.22
11914,954411.74
11915,529953.29
11916,2112373.51
11917,486273.28
11918,306764.38
11919,945862.57
11920,1679766.18
11921,454212.58
11922,340969.64
11923,1065316.15
11924,183315.49
11925,1154616.99
11926,909377.16
11927,451578.17
11928,442590.22
11929,925168.6
11930,-267567.52
11931,1988259.22
11932,1137324.48
11933,792568.63
11934,324204.35
11935,1162186.95
11936,1124708.14
11937,866349.64
11938,889184.31
11939,671559.45
11940,833378.94
11941,1584259.76
11942,1207211.33
11943,126168.86
11944,2098161.54
11945,1123203.18
11946,1060776.24
11947,1151350.05
11948,575942.09
11949,578951.08
11950,2194107.57
11951,1741904.15
11952,2002007.63
11953,1284129.32
11954,1077190.29
11955,1508863.19
11956,868130.5
11957,465336.25
11958,934168.72
11959,1085059.5
11960,502497.21
11961,2842169.68
11962,698881.08
11963,755595.67
11964,2036069.84
11965,357272.66
11966,449438.75
11967,1509620.96
11968,1900041.58
11969,1215084.74
11970,75823.2
11971,323877.88
11972,635884.9
11973,1764997.3
11974,1792335.78
11975,302008.17
11976,403880.06
11977,1729773.14
11978,2682773.65
11979,605486.89
11980,1764428.04
11981,2143311.25
11982,341867.51
11983,1821259.05
11984,868954.52
11985,727271.01
11986,1818013.15
11987,669212.54
11988,1191283.05
11989,1665318.85
11990,2369103.07
11991,441851.7
11992,67023.97
11993,1031550.92
11994,760103.68
11995,1744129.81
11996,1757025.33
11997,1874919.95
11998,638138.16
11999,2389106.02
12000,191526.69
12001,1190780.93
12002,115242.54
12003,527218.63
12004,1044355.6
12005,915721.12
12006,2694159.75
12007,1055172.98
12008,507970.74
12009,909377.16
12010,1147284.29
12011,2950545.27
12012,609747.18
12013,1998967.91
12014,351011.83
12015,2098812.13
12016,644248.69
12017,2626158.49
12018,562053.39
12019,712135.28
12020,1541291.78
12021,2060887.07
12022,-49962.54
12023,2109656.77
12024,785608.87
12025,1847570.77
12026,432000.73
12027,3929249.33
12028,992048.34
12029,1095177.23
12030,548372.59
12031,829090.97
12032,172476.04
12033,629175.17
12034,254059.86
12035,1598714.05
12036,3098691.59
12037,1828086.12
12038,647970.5
12039,1371807.94
12040,766097.85
12041,1973405.37
12042,1328050.57
12043,395245.58
12044,942010.83
12045,1061256.77
12046,1466297.54
12047,1354961.1
12048,798335.61
12049,796261.53
12050,464393.57
12051,1284129.32
12052,251904.27
12053,2549333.22
12054,2748832.94
12055,2522824.49
12056,430544.36
12057,977378.42
12058,798335.61
12059,168065.99
12060,1736338.58
12061,847201.02
12062,1521837.55
12063,366461.22
12064,740550.51
12065,1394444.92
12066,312898.23
12067,1640627.32
12068,698881.08
12069,1453585.11
12070,2078263.99
12071,1580702.59
12072,1055367.55
12073,846596.77
12074,983734.11
12075,621894.37
12076,1535106.6
12077,2363121.73
12078,-55388.95
12079,412549.88
12080,719659.59
12081,1584221.97
12082,484580.99
12083,2561036.84
12084,2445272.72
12085,1218419.38
12086,538317.7
12087,321127.38
12088,339902.15
12089,2648743.63
12090,1720568.19
12091,635884.9
12092,1353472.84
12093,581459.49
12094,743527.52
12095,177830.08
12096,2118682.8
12097,-92277.59
12098,3774325.25
12099,1973405.37
12100,1105903.06
12101,504380.17
12102,1854931.9
12103,706904.61
12104,-108937.33
12105,616360.76
12106,1602973.76
12107,1972498.88
12108,206309.22
12109,2099740.49
12110,849171.92
12111,1132057.82
12112,2238.11
12113,435110.01
12114,435788.61
12115,1356027.91
12116,1054070.07
12117,3043129.71
12118,1828086.12
12119,625460.75
12120,1595809.87
12121,1683812.34
12122,57754.72
12123,1090182.8
12124,241564.58
12125,60037.84
12126,1095557.4
12127,1670881.58
12128,1403228.9
12129,281040.05
12130,816452.27
12131,1748997.56
12132,1378162.52
12133,1921107.97
12134,418860.26
12135,1353472.84
12136,1985877.4
12137,423593.0
12138,742607.97
12139,1395824.57
12140,671844.14
12141,1865871.73
12142,1828086.12
12143,2023592.72
12144,49623.58
12145,1091192.89
12146,1751202.1
12147,223097.14
12148,1053534.23
12149,1305371.39
12150,1285381.6
12151,796261.53
12152,213893.98
12153,2329182.47
12154,175718.67
12155,205779.55
12156,662927.0
12157,1527574.67
12158,2186284.67
12159,1406036.72
12160,178453.26
12161,977378.42
12162,505963.31
12163,514736.36
12164,740550.51
12165,602345.77
12166,175859.77
12167,1862585.75
12168,36402.43
12169,2128595.12
12170,1712324.84
12171,513509.4
12172,678529.07
12173,2361030.03
12174,27713.74
12175,8765.66
12176,1693735.72
12177,666871.93
12178,2265537.18
12179,706318.1
12180,2184521.13
12181,1590438.37
12182,685962.46
12183,2536732.06
12184,1203397.15
12185,533020.87
12186,2914031.93
12187,2254285.93
12188,644248.69
12189,328513.07
12190,801154.35
12191,2153105.05
12192,247571.06
12193,798894.33
12194,1427114.22
12195,2285146.76
12196,905899.49
12197,1196572.74
12198,2424191.81
12199,2466229.38
12200,1757526.22
12201,2737586.12
12202,508000.2
12203,216338.96
12204,1176771.69
12205,1337756.14
12206,2369633.55
12207,1318939.81
12208,779512.34
12209,2078263.99
12210,2727599.1
12211,2771536.5
12212,796261.53
12213,1025257.73
12214,1997021.91
12215,699882.44
12216,2038886.17
12217,1593023.1
12218,1340441.6
12219,2771536.5
12220,1834250.11
12221,2237652.68
12222,909377.16
12223,648617.33
12224,779512.34
12225,2249042.77
12226,595360.14
12227,1797383.43
12228,806822.59
12229,1075566.15
12230,3451302.81
12231,739532.33
12232,1239622.92
12233,1683200.83
12234,1174519.23
12235,2023833.44
12236,1912668.93
12237,618938.68
12238,1322816.86
12239,1353472.84
12240,925168.6
12241,2064500.23
12242,2023592.72
12243,1347901.63
12244,545997.52
12245,1394296.1
12246,1414887.21
12247,373616.88
12248,561855.48
12249,727271.01
12250,1042024.46
12251,356640.55
12252,1057697.1
12253,427289.4
12254,2309958.13
12255,644248.69
12256,909776.54
12257,2033833.89
12258,740982.22
12259,68605.18
12260,170339.43
12261,2659702.66
12262,654549.36
12263,1166994.5
12264,622827.96
12265,635884.9
12266,471868.75
12267,969148.11
12268,420126.55
12269,866451.97
12270,940345.26
12271,909377.16
12272,824653.25
12273,2043333.91
12274,2462324.5
12275,868897.41
12276,242335.04
12277,847654.31
12278,23482.18
12279,1611728.26
12280,447786.15
12281,2139752.89
12282,1599837.94
12283,707273.0
12284,399251.1
12285,1787827.79
12286,1008385.28
12287,1973405.37
12288,595756.97
12289,636300.03
12290,234284.57
12291,1746541.54
12292,1308411.24
12293,1110903.9
12294,2265537.18
12295,1158264.48
12296,658014.57
12297,1136716.57
12298,1387357.27
12299,909377.16
12300,392705.31
12301,986190.83
12302,307418.74
12303,671844.14
12304,385824.65
12305,378510.26
12306,686939.94
12307,366461.22
12308,1255301.54
12309,3145384.9
12310,569947.14
12311,977378.42
12312,909377.16
12313,992048.34
12314,1751202.1
12315,1295577.08
12316,1874919.95
12317,1231010.96
12318,2173204.6
12319,-758413.03
12320,578951.08
12321,1527574.67
12322,1002068.1
12323,509331.49
12324,547114.45
12325,1284129.32
12326,2626425.82
12327,632393.05
12328,938538.25
12329,612016.37
12330,1654652.54
12331,652233.19
12332,216804.3
12333,1042024.46
12334,1914526.55
12335,1532741.23
12336,507970.74
12337,26041.98
12338,1427712.7
12339,1279900.37
12340,1582691.43
12341,1009670.28
12342,456198.92
12343,1751202.1
12344,611484.84
12345,272267.55
12346,382714.33
12347,168335.29
12348,168065.99
12349,1018585.15
12350,2043333.91
12351,1751202.1
12352,1511238.01
12353,1843893.04
12354,1258451.96
12355,2905587.78
12356,405250.83
12357,1133820.79
12358,849171.92
12359,89626.36
12360,1347901.63
12361,536938.3
12362,2570182.19
12363,859856.24
12364,-177543.59
12365,1131580.43
12366,1251972.63
12367,474335.27
12368,55547.28
12369,-270491.65
12370,1307803.47
12371,168065.99
12372,2359846.75
12373,775679.11
12374,318336.97
12375,2592432.07
12376,1580686.11
12377,636779.61
12378,1492363.12
12379,2365112.01
12380,1154694.87
12381,1342600.12
12382,1075151.02
12383,698881.08
12384,886025.25
12385,1784404.24
12386,-329079.89
12387,388718.3
12388,130586.47
12389,2225779.4
12390,2275961.92
12391,1153997.32
12392,507970.74
12393,803290.5
12394,2016927.57
12395,981193.88
12396,1346020.95
12397,-7477.2
12398,490011.34
12399,1875516.92
12400,1677965.12
12401,951701.05
12402,1023559.75
12403,178222.23
12404,2143311.25
12405,1388870.84
12406,450202.56
12407,977378.42
12408,1054259.7
12409,1328050.57
12410,1622995.6
12411,647874.39
12412,449320.67
12413,2017278.43
12414,779565.75
12415,674646.86
12416,1977083.1
12417,219457.19
12418,640430.33
12419,2762527.64
12420,1658222.31
12421,1836820.76
12422,530789.41
12423,411019.08
12424,1168652.64
12425,212691.04
12426,1457562.9
12427,1447998.76
12428,2392858.3
12429,468805.73
12430,1073727.24
12431,909377.16
12432,1057697.1
12433,1054489.92
12434,1166507.46
12435,2235334.0
12436,485104.07
12437,4095721.8
12438,1842495.18
12439,-47729.32
12440,79040.74
12441,1855682.96
12442,977378.42
12443,393257.53
12444,126091.68
12445,-21139.78
12446,1353472.84
12447,578951.08
12448,616560.59
12449,529594.01
12450,465336.25
12451,1269670.01
12452,796676.66
12453,1928113.48
12454,2085103.78
12455,1390114.87
12456,1454262.02
12457,1632564.69
12458,1654652.54
12459,1869900.33
12460,1079049.09
12461,2637294.33
12462,497637.93
12463,452164.46
12464,540531.41
12465,214742.85
12466,1466297.54
12467,2829508.45
12468,682082.73
12469,2064595.24
12470,2658817.77
12471,1569358.73
12472,548372.59
12473,423593.0
12474,109828.82
12475,114158.06
12476,611484.84
12477,623912.2
12478,875539.75
12479,483689.6
12480,2241211.16
12481,754187.46
12482,1393740.06
12483,3350289.52
12484,538956.29
12485,281355.53
12486,2127437.19
12487,544320.06
12488,3015212.82
12489,1467268.48
12490,1590438.37
12491,977378.42
12492,420123.94
12493,2409364.62
12494,1199581.69
12495,2210028.34
12496,1219695.13
12497,2222555.03
12498,2055860.6
12499,1112200.03
12500,639415.36
12501,1710814.0
12502,178222.23
12503,1506332.6
12504,2549333.22
12505,307555.49
12506,1930901.77
12507,1316262.24
12508,3252089.12
12509,2394288.52
12510,768809.63
12511,1355267.95
12512,-296573.54
12513,315045.41
12514,1035007.13
12515,988328.86
12516,1091189.92
12517,988856.84
12518,626963.45
12519,1802905.87
12520,867979.53
12521,292084.37
12522,1321798.09
12523,944636.45
12524,682439.81
12525,390122.31
12526,921084.36
12527,-32953.58
12528,2011839.67
12529,-149119.32
12530,444673.1
12531,612016.37
12532,847201.02
12533,1570132.5
12534,1654652.54
12535,442400.26
12536,2743620.18
12537,1150609.93
12538,1627039.31
12539,505963.31
12540,1167082.69
12541,877106.54
12542,867979.53
12543,1296636.75
12544,1244859.73
12545,1952654.53
12546,183315.49
12547,525541.49
12548,708493.29
12549,2105335.74
12550,75922.68
12551,1296179.89
12552,2549333.22
12553,263626.49
12554,216319.77
12555,673832.39
12556,556027.26
12557,1506019.81
12558,492704.12
12559,1048584.55
12560,2533975.61
12561,2265153.92
12562,647970.5
12563,1346466.54
12564,1878819.9
12565,418860.26
12566,955778.7
12567,525541.49
12568,763448.62
12569,1818013.15
12570,719659.59
12571,639701.5
12572,1055172.98
12573,355591.74
12574,2633289.53
12575,1004430.47
12576,484586.32
12577,593542.75
12578,816452.27
12579,941862.87
12580,-111813.17
12581,-340372.05
12582,3000910.66
12583,890364.12
12584,641678.55
12585,-156836.8
12586,2337951.55
12587,434248.42
12588,2237652.68
12589,132706.47
12590,442110.06
12591,974666.11
12592,328513.07
12593,2265153.92
12594,916888.52
12595,508000.2
12596,801356.47
12597,2668146.33
12598,471873.71
12599,788623.16
12600,175474.31
12601,476189.21
12602,796918.92
12603,686371.87
12604,779864.83
12605,567333.02
12606,904375.42
12607,1004430.47
12608,1973405.37
12609,1785352.7
12610,332809.13
12611,120090.85
12612,882831.98
12613,1431885.53
12614,410292.2
12615,1800121.52
12616,2752451.34
12617,1570132.5
12618,324204.35
12619,-35752.64
12620,1393138.24
12621,1197337.1
12622,1797383.43
12623,1236246.53
12624,-155299.65
12625,679450.09
12626,859856.24
12627,986358.14
12628,981217.52
12629,2292169.44
12630,676132.93
12631,1785352.7
12632,109828.82
12633,472542.5
12634,1018585.15
12635,272425.97
12636,1004430.47
12637,-16093.71
12638,49623.58
12639,2663720.72
12640,798894.33
12641,1663759.51
12642,696391.51
12643,1688500.82
12644,164536.92
12645,2520889.03
12646,977372.54
12647,1492720.03
12648,2365112.01
12649,1960526.94
12650,766107.07
12651,889478.1
12652,1110825.56
12653,423593.0
12654,1154616.99
12655,99550.26
12656,830201.86
12657,909377.16
12658,1280317.1
12659,195903.45
12660,295940.73
12661,257652.5
12662,435110.01
12663,1619530.09
12664,2153105.05
12665,2043333.91
12666,1885584.49
12667,973988.48
12668,977378.42
12669,1173904.32
12670,1223960.51
12671,469829.34
12672,848512.77
12673,1449771.52
12674,739159.81
12675,1828086.12
12676,206309.22
12677,378045.22
12678,1077699.0
12679,1353472.84
12680,2194107.57
12681,1580747.67
12682,849171.92
12683,1792335.78
12684,1930901.77
12685,-27114.72
12686,1027050.5
12687,351741.81
12688,823494.55
12689,365146.38
12690,402476.85
12691,1954640.55
12692,1190399.37
12693,533020.87
12694,508722.35
12695,3270936.35
12696,496873.85
12697,-190259.21
12698,1171278.93
12699,685674.34
12700,825422.21
12701,403880.06
12702,647148.42
12703,798894.33
12704,2883634.08
12705,540531.41
12706,2668929.42
12707,910747.37
12708,2168202.61
12709,447791.37
12710,824050.18
12711,845263.06
12712,796261.53
12713,1679766.18
12714,578951.08
12715,437067.82
12716,328788.38
12717,791080.28
12718,801356.47
12719,1156689.74
12720,1501990.27
12721,42358.23
12722,2034090.54
12723,562053.39
12724,1882427.02
12725,548372.59
12726,897990.09
12727,1210930.38
12728,451679.09
12729,2030321.49
12730,611484.84
12731,1063282.04
12732,1305371.39
12733,1434883.72
12734,1661759.15
12735,644248.69
12736,909377.16
12737,1563149.42
12738,2125204.46
12739,1003671.92
12740,742607.97
12741,1284129.32
12742,1253830.52
12743,798335.61
12744,1595809.87
12745,2828443.3
12746,1319041.22
12747,760103.68
12748,625460.75
12749,327116.51
12750,1726.36
12751,741861.53
12752,1652716.68
12753,-36969.25
12754,1683200.83
12755,444008.49
12756,2041217.37
12757,142943.1
12758,209318.14
12759,1077190.29
12760,654600.33
12761,1347901.63
12762,-95093.03
12763,1152333.94
12764,269680.44
12765,414337.35
12766,1973405.37
12767,1528622.92
12768,912388.84
12769,1027722.88
12770,578951.08
12771,1225653.86
12772,2738271.39
12773,888700.63
12774,2194107.57
12775,578951.08
12776,1025800.37
12777,354177.27
12778,2317690.83
12779,1490693.37
12780,1075491.96
12781,122682.34
12782,1638248.31
12783,73295.73
12784,27713.74
12785,2134113.59
12786,397677.58
12787,972286.99
12788,-69388.87
12789,1797383.43
12790,802182.11
12791,812544.96
12792,2001643.5
12793,644248.69
12794,977378.42
12795,2411086.25
12796,1977083.1
12797,749027.06
12798,-55388.95
12799,1971904.29
12800,206806.03
12801,854987.02
12802,909377.16
12803,824341.96
12804,1261103.84
12805,970654.28
12806,1171536.79
12807,1813675.46
12808,1284129.32
12809,994048.1
12810,-69224.51
12811,591453.74
12812,90022.74
12813,551879.34
12814,175474.31
12815,570059.57
12816,507732.76
12817,1507141.61
12818,1233384.72
12819,735543.15
12820,1721632.6
12821,1983092.1
12822,1627039.31
12823,2153105.05
12824,2705139.94
12825,1663047.33
12826,1659377.79
12827,2007495.85
12828,683023.01
12829,1292082.94
12830,2591836.83
12831,411055.53
12832,652391.47
12833,1132768.77
12834,2153105.05
12835,1336004.16
12836,180009.34
12837,1353472.84
12838,791460.84
12839,442400.26
12840,596781.6
12841,729022.58
12842,3063.27
12843,724445.32
12844,671559.45
12845,493205.08
12846,543522.76
12847,548372.59
12848,1687450.53
12849,141592.95
12850,1367401.18
12851,513731.31
12852,1167751.22
12853,722822.72
12854,1245878.7
12855,779864.83
12856,1345406.45
12857,437429.85
12858,206309.22
12859,1128584.59
12860,390093.38
12861,2643314.92
12862,1463621.51
12863,514736.36
12864,578951.08
12865,1057697.1
12866,286067.28
12867,589975.97
12868,431476.27
12869,2747369.73
12870,1975788.59
12871,696692.53
12872,1266836.05
12873,1589011.01
12874,909377.16
12875,1267912.43
12876,988236.04
12877,1699295.63
12878,5007.98
12879,1369487.57
12880,41302.87
12881,234498.5
12882,774963.88
12883,1327069.68
12884,1818013.15
12885,453380.45
12886,1994034.57
12887,1076516.93
12888,258580.26
12889,2194107.57
12890,1529084.38
12891,28277.54
12892,266097.33
12893,578951.08
12894,1027648.8
12895,1455403.65
12896,58292.22
12897,374720.16
12898,57840.42
12899,324204.35
12900,1875256.78
12901,2747369.73
12902,452712.82
12903,573331.39
12904,444557.74
12905,243605.95
12906,2363763.33
12907,497637.93
12908,784085.76
12909,925168.6
12910,796261.53
12911,1654652.54
12912,1388870.84
12913,1273353.06
12914,331635.43
12915,2071386.48
12916,2265537.18
12917,776769.55
12918,925168.6
12919,572711.13
12920,485104.07
12921,814936.69
12922,533392.39
12923,1350078.61
12924,1828086.12
12925,1768780.59
12926,173417.48
12927,936355.75
12928,688406.96
12929,1347901.63
12930,2759778.71
12931,2302726.21
12932,647970.5
12933,1483845.32
12934,2369103.07
12935,1201962.93
12936,3214689.56
12937,1367022.9
12938,2387198.89
12939,2709416.44
12940,548372.59
12941,505963.31
12942,1947940.54
12943,1679766.18
12944,911415.2
12945,1804929.69
12946,2518137.81
12947,618571.32
12948,354177.27
12949,1155959.25
12950,2440792.45
12951,1042024.46
12952,29216.7
12953,457069.57
12954,626625.44
12955,1192670.81
12956,605917.29
12957,1297354.3
12958,2280156.28
12959,2249526.93
12960,443839.38
12961,1410608.68
12962,-474001.74
12963,1545275.95
12964,-255673.93
12965,1305371.39
12966,862895.19
12967,1117841.19
12968,1726560.67
12969,-314851.79
12970,476968.36
12971,216804.3
12972,578951.08
12973,992048.34
12974,46976.21
12975,-302567.81
12976,-152043.91
12977,1427114.22
12978,1947723.89
12979,1983092.1
12980,632009.54
12981,636126.12
12982,1347239.79
12983,928406.66
12984,742607.97
12985,490350.11
12986,355465.24
12987,390538.57
12988,1030208.73
12989,182847.69
12990,1285471.58
12991,866226.12
12992,1258451.96
12993,874352.27
12994,1523473.44
12995,-528782.67
12996,673921.62
12997,1706317.62
12998,938043.03
12999,1302373.2
13000,304433.13
13001,718141.98
13002,1219695.13
13003,164447.27
13004,210292.86
13005,507805.37
13006,129032.63
13007,1269075.11
13008,2626158.49
13009,2369633.55
13010,1584481.47
13011,19872.56
13012,636211.83
13013,570126.76
13014,274829.09
13015,719659.59
13016,2096376.95
13017,1110825.56
13018,719659.59
13019,867673.73
13020,274890.96
13021,269243.92
13022,44552.62
13023,2165137.74
13024,1774565.12
13025,2018929.72
13026,1342996.21
13027,1799600.9
13028,1568345.38
13029,1624992.34
13030,1220900.31
13031,1282210.59
13032,445720.99
13033,849171.92
13034,-63233.64
13035,987878.15
13036,975040.1
13037,1059008.73
13038,1192897.5
13039,324179.25
13040,553838.7
13041,-177394.85
13042,1961127.38
13043,1312895.43
13044,2561036.84
13045,2078263.99
13046,1460571.43
13047,824308.22
13048,1369487.57
13049,1316994.97
13050,1966388.06
13051,-30874.41
13052,1506332.6
13053,2098889.86
13054,1222025.68
13055,145532.76
13056,928406.66
13057,1187180.99
13058,1993915.89
13059,247039.97
13060,31362.04
13061,1347272.83
13062,1297354.3
13063,213893.98
13064,754973.08
13065,644248.69
13066,2148730.42
13067,1447469.62
13068,1911001.01
13069,1930901.77
13070,2094044.53
13071,1087013.77
13072,446368.94
13073,1302373.2
13074,1082280.27
13075,1562265.13
13076,1073727.24
13077,567136.63
13078,312893.07
13079,212399.92
13080,306846.45
13081,1220705.22
13082,444673.1
13083,2153105.05
13084,456719.57
13085,493983.69
13086,1044466.03
13087,847201.02
13088,1282608.49
13089,937001.97
13090,191526.69
13091,87923.37
13092,1423760.5
13093,1533198.42
13094,1436956.55
13095,1792335.78
13096,928109.32
13097,497576.5
13098,910555.88
13099,750900.44
13100,635884.9
13101,545915.98
13102,2462324.5
13103,554690.65
13104,499350.03
13105,1570132.5
13106,337634.36
13107,2054248.4
13108,490011.34
13109,1808249.57
13110,322462.43
13111,1726.36
13112,599278.42
13113,754973.08
13114,1905404.11
13115,1003424.11
13116,1896020.78
13117,2323010.92
13118,2238487.68
13119,1711792.52
13120,2283207.97
13121,1575446.17
13122,1463524.64
13123,740504.58
13124,1253796.16
13125,449438.75
13126,2373803.63
13127,593542.75
13128,2076218.82
13129,-653010.05
13130,-347417.42
13131,1830931.21
13132,677319.11
13133,567136.63
13134,1507674.85
13135,1675746.82
13136,186584.07
13137,1362278.2
13138,627981.96
13139,475732.27
13140,-56760.63
13141,400272.0
13142,636300.03
13143,1828086.12
13144,522560.35
13145,1502985.1
13146,393701.67
13147,1532809.57
13148,540102.23
13149,243498.33
13150,203239.24
13151,2143311.25
13152,853168.34
13153,1057697.1
13154,1605840.36
13155,49623.58
13156,1668816.16
13157,1061193.59
13158,999257.72
13159,1371807.94
13160,1022159.49
13161,801356.47
13162,1353472.84
13163,1147284.29
13164,1251653.27
13165,809880.12
13166,1427114.22
13167,1700124.4
13168,1792335.78
13169,1792335.78
13170,685674.34
13171,1103658.52
13172,-202525.97
13173,1006612.46
13174,938059.94
13175,360705.3
13176,2184028.37
13177,969148.11
13178,599286.66
13179,640430.33
13180,295386.5
13181,2510480.04
13182,399251.1
13183,1943018.06
13184,738797.19
13185,1973405.37
13186,1010916.52
13187,1744129.81
13188,870024.5
13189,130458.98
13190,1317962.59
13191,605969.57
13192,842188.87
13193,447706.66
13194,664603.54
13195,1279973.7
13196,1187180.99
13197,1371807.94
13198,2508019.91
13199,1640275.65
13200,1899662.71
13201,1125354.3
13202,2429084.32
13203,-21139.78
13204,1106775.89
13205,1265083.1
13206,465071.25
13207,288503.32
13208,2016542.9
13209,246102.07
13210,802554.77
13211,1973405.37
13212,1907953.89
13213,2194107.57
13214,1468401.65
13215,1437729.93
13216,905899.49
13217,1732959.08
13218,831924.55
13219,749106.8
13220,1323238.98
13221,90022.74
13222,-228244.85
13223,798894.33
13224,1501972.09
13225,245410.39
13226,757683.16
13227,-60668.54
13228,2591836.83
13229,411019.08
13230,2193204.45
13231,2325181.82
13232,718141.98
13233,1882427.02
13234,309629.2
13235,1415872.86
13236,1964241.5
13237,1077699.0
13238,1595809.87
13239,1821259.05
13240,1842391.96
13241,2453589.86
13242,1828086.12
13243,859856.24
13244,92278.9
13245,1785352.7
13246,999017.45
13247,883140.33
13248,2594137.7
13249,1792335.78
13250,2730878.28
13251,1036606.18
13252,937141.3
13253,1440620.17
13254,1021815.47
13255,1617281.34
13256,3077850.72
13257,1869121.7
13258,106169.66
13259,1573595.32
13260,1147284.29
13261,1977083.1
13262,1764997.3
13263,1870344.85
13264,929321.37
13265,876772.81
13266,1166667.56
13267,731942.7
13268,435110.01
13269,206309.22
13270,1687926.59
13271,678843.37
13272,1952275.73
13273,1095677.74
13274,1224166.66
13275,1662983.79
13276,-23539.05
13277,2118447.09
13278,191526.69
13279,328513.07
13280,738575.21
13281,1828165.45
13282,2694159.75
13283,419050.02
13284,1869900.33
13285,-11472.82
13286,1091949.24
13287,909377.16
13288,1808310.07
13289,1973405.37
13290,606604.55
13291,915721.12
13292,953387.37
13293,207693.84
13294,644248.69
13295,889184.31
13296,1075151.02
13297,1792335.78
13298,975299.15
13299,540531.41
13300,301311.02
13301,1778674.39
13302,823391.29
13303,418860.26
13304,1876053.64
13305,1801129.85
13306,644900.36
13307,165713.02
13308,801356.47
13309,740550.51
13310,1154616.99
13311,556027.26
13312,279333.35
13313,644248.69
13314,785782.37
13315,2265153.92
13316,1822406.34
13317,2276412.13
13318,1973405.37
13319,925168.6
13320,-232322.98
13321,313038.57
13322,139557.27
13323,1193710.24
13324,-30874.41
13325,602273.77
13326,1018585.15
13327,402476.85
13328,1023820.06
13329,2079840.61
13330,671844.14
13331,1843893.04
13332,1976487.36
13333,945862.57
13334,1220705.22
13335,1125698.36
13336,1059288.15
13337,1077699.0
13338,1311331.73
13339,1075151.02
13340,210970.35
13341,1220705.22
13342,738237.81
13343,1869900.33
13344,680367.79
13345,937141.3
13346,168065.99
13347,972815.84
13348,1250914.92
13349,1311331.73
13350,-14991.12
13351,2400816.24
13352,483689.6
13353,1711792.52
13354,22680.5
13355,1225266.34
13356,1307747.55
13357,1576697.29
13358,516580.31
13359,531989.2
13360,217895.65
13361,2320860.66
13362,1987429.41
13363,1059115.37
13364,825816.48
13365,1120624.29
13366,1075151.02
13367,1734343.4
13368,1075151.02
13369,1549594.79
13370,1652716.68
13371,1028194.67
13372,1693591.09
13373,1018585.15
13374,550570.3
13375,1284129.32
13376,796261.53
13377,484580.99
13378,-329079.89
13379,1797421.57
13380,373616.88
13381,347735.95
13382,513509.4
13383,-291636.43
13384,1912668.93
13385,410962.96
13386,361433.01
13387,-65157.26
13388,2181580.88
13389,1506332.6
13390,1203416.78
13391,-72988.61
13392,770575.87
13393,2105044.69
13394,1668821.21
13395,156064.66
13396,1070948.83
13397,1640275.65
13398,1467268.48
13399,1433637.09
13400,1912455.19
13401,1347901.63
13402,553105.33
13403,94188.52
13404,909143.21
13405,609297.41
13406,108301.03
13407,1230387.69
13408,1121289.69
13409,2759778.71
13410,1305371.39
13411,1701344.22
13412,735438.32
13413,635884.9
13414,359979.81
13415,441340.84
13416,921084.36
13417,497637.93
13418,998518.33
13419,1057697.1
13420,1132766.26
13421,177072.12
13422,191524.62
13423,1151696.76
13424,1823103.42
13425,698881.08
13426,1792335.78
13427,2092103.6
13428,2217889.21
13429,1603692.42
13430,1115959.97
13431,-220588.32
13432,1076045.73
13433,442400.26
13434,625460.75
13435,305615.62
13436,624550.24
13437,131537.67
13438,671989.75
13439,2143311.25
13440,994048.1
13441,817731.19
13442,1366454.51
13443,1056283.46
13444,606894.91
13445,1221390.48
13446,849171.92
13447,1575676.11
13448,418860.26
13449,834277.27
13450,1019000.28
13451,850254.56
13452,1868270.46
13453,1655840.37
13454,2628057.15
13455,1063178.32
13456,2265537.18
13457,1043702.32
13458,1726.36
13459,785020.23
13460,1773591.18
13461,1330638.78
13462,849567.5
13463,1123788.6
13464,-454073.27
13465,435110.01
13466,17453.45
13467,710197.97
13468,449438.75
13469,829170.47
13470,-133276.57
13471,2275961.92
13472,305615.62
13473,1622374.38
13474,-333872.31
13475,992048.34
13476,2194107.57
13477,612577.15
13478,1081499.42
13479,877137.53
13480,998328.47
13481,271947.2
13482,429684.61
13483,2193204.45
13484,1729900.32
13485,698881.08
13486,1657502.13
13487,1698573.79
13488,1363433.51
13489,585677.49
13490,625460.75
13491,478955.84
13492,142943.1
13493,949676.41
13494,3919560.29
13495,816452.27
13496,1165753.75
13497,709253.45
13498,1152243.61
13499,625460.75
13500,1054259.7
13501,354177.27
13502,508000.2
13503,977378.42
13504,1210532.14
13505,1233713.82
13506,1885048.71
13507,2153105.05
13508,976390.73
13509,514736.36
13510,1159418.89
13511,1082381.52
13512,602273.77
13513,972286.99
13514,1974426.55
13515,2690070.17
13516,2126079.43
13517,455007.4
13518,1115270.06
13519,2205248.22
13520,1661759.15
13521,925168.6
13522,168335.29
13523,226447.38
13524,1722910.53
13525,1792335.78
13526,893381.12
13527,719659.59
13528,1125256.08
13529,2044649.83
13530,313190.02
13531,1467268.48
13532,735895.88
13533,312827.82
13534,957326.36
13535,544320.06
13536,444437.16
13537,1297354.3
13538,1021097.6
13539,297796.32
13540,1654652.54
13541,663435.44
13542,479084.35
13543,616560.59
13544,1725597.56
13545,1650454.76
13546,733537.62
13547,355591.74
13548,671844.14
13549,1339902.35
13550,798894.33
13551,280697.62
13552,2258646.23
13553,1577225.84
13554,1154616.99
13555,553105.33
13556,709388.89
13557,135885.21
13558,1927510.84
13559,189306.39
13560,1437453.61
13561,346729.42
13562,-719616.98
13563,1668058.35
13564,1792335.78
13565,1523204.34
13566,516329.3
13567,983993.02
13568,484580.99
13569,849171.92
13570,1213786.41
13571,1538483.68
13572,2549333.22
13573,1440118.63
13574,251451.85
13575,1091192.89
13576,554329.09
13577,869030.36
13578,74990.39
13579,347735.95
13580,-98033.72
13581,389815.81
13582,306467.14
13583,977378.42
13584,307555.49
13585,1223262.42
13586,269738.77
13587,856845.81
13588,1337756.14
13589,1220705.22
13590,1012462.09
13591,1118305.59
13592,1177218.45
13593,1003671.92
13594,1652160.94
13595,1346649.57
13596,1133184.25
13597,761782.77
13598,508549.83
13599,755049.05
13600,505963.31
13601,87763.81
13602,883699.79
13603,612321.32
13604,1652716.68
13605,972815.84
13606,959142.61
13607,1176699.0
13608,1353472.84
13609,1653812.44
13610,1147284.29
13611,1284129.32
13612,928406.66
13613,471873.71
13614,2215469.06
13615,1973405.37
13616,2237652.68
13617,1297354.3
13618,587633.25
13619,-207758.77
13620,475368.05
13621,2205440.41
13622,1056060.43
13623,2059502.24
13624,324641.94
13625,973788.87
13626,1122779.95
13627,372214.17
13628,4867862.78
13629,1973405.37
13630,1018585.15
13631,1574978.03
13632,390093.38
13633,2153105.05
13634,1120212.99
13635,-36693.31
13636,2637779.54
13637,739101.46
13638,1973405.37
13639,2040328.54
13640,478955.84
13641,1466297.54
13642,7714.01
13643,524770.92
13644,2181580.88
13645,1549272.96
13646,2727599.1
13647,801356.47
13648,694993.85
13649,562356.97
13650,577298.48
13651,149322.96
13652,1328050.57
13653,1869900.33
13654,2648743.63
13655,1874919.95
13656,1076968.07
13657,1163922.36
13658,40487.16
13659,2462324.5
13660,249537.54
13661,-30874.41
13662,2369633.55
13663,928406.66
13664,678270.6
13665,1572281.88
13666,737326.28
13667,1291815.95
13668,1237491.44
13669,297948.37
13670,1353088.96
13671,955129.37
13672,1337756.14
13673,1825280.1
13674,1653920.86
13675,2194107.57
13676,2595855.14
13677,172961.84
13678,175474.31
13679,1369487.57
13680,1699854.07
13681,-248725.79
13682,733735.6
13683,441395.62
13684,29494.8
13685,1631484.42
13686,2095953.79
13687,1899662.71
13688,1973405.37
13689,1346466.54
13690,453277.14
13691,87763.81
13692,1305371.39
13693,818388.03
13694,1821259.05
13695,578951.08
13696,977378.42
13697,625460.75
13698,2078263.99
13699,1688500.82
13700,909377.16
13701,1294348.8
13702,1960474.3
13703,723327.14
13704,73237.53
13705,389915.98
13706,801356.47
13707,1862900.51
13708,312041.61
13709,2565953.25
13710,1689049.93
13711,315045.41
13712,1655840.37
13713,2015466.77
13714,1007214.9
13715,157226.07
13716,31072.54
13717,1973405.37
13718,662617.78
13719,427937.79
13720,1174519.23
13721,1422701.94
13722,1654652.54
13723,830238.34
13724,221100.26
13725,796261.53
13726,2361030.03
13727,275774.76
13728,418860.26
13729,641413.68
13730,1523204.34
13731,705843.94
13732,587867.32
13733,2895650.55
13734,390538.57
13735,1427114.22
13736,2186524.82
13737,1501972.09
13738,685539.59
13739,144283.28
13740,176469.06
13741,2928136.75
13742,1406153.31
13743,1492804.3
13744,569947.14
13745,1796227.64
13746,883699.79
13747,422367.01
13748,1717297.29
13749,1570328.32
13750,77972.58
13751,95119.54
13752,475305.45
13753,540531.41
13754,875539.75
13755,849171.92
13756,437067.82
13757,257652.5
13758,1620205.7
13759,320504.33
13760,660301.74
13761,764122.84
13762,977176.35
13763,675936.74
13764,365294.75
13765,2118447.09
13766,-590.1
13767,623912.2
13768,1284129.32
13769,1284129.32
13770,1436008.23
13771,294049.25
13772,1201408.27
13773,993690.85
13774,333823.98
13775,437067.82
13776,2422214.32
13777,-53360.5
13778,1672072.41
13779,1299618.06
13780,388718.3
13781,2433607.45
13782,2193204.45
13783,801500.69
13784,989811.59
13785,-187223.33
13786,515015.48
13787,496773.13
13788,-63050.73
13789,2422214.32
13790,4897176.31
13791,941907.66
13792,796261.53
13793,1755937.17
13794,1476370.51
13795,307555.49
13796,1199581.69
13797,-299753.55
13798,755023.08
13799,1532809.57
13800,1014358.46
13801,2301210.3
13802,1256083.19
13803,977378.42
13804,216804.3
13805,698881.08
13806,1302373.2
13807,461493.67
13808,584619.31
13809,889478.1
13810,1039257.81
13811,1321206.29
13812,-25919.14
13813,1862172.96
13814,1570547.63
13815,1617669.0
13816,1167124.42
13817,550605.55
13818,143962.5
13819,1544956.5
13820,1554806.53
13821,-51011.64
13822,666350.13
13823,1128939.63
13824,-427095.29
13825,698881.08
13826,164536.92
13827,-375585.7
13828,769694.06
13829,644248.69
13830,1812473.88
13831,854638.03
13832,266202.2
13833,374540.62
13834,1219341.88
13835,1362278.2
13836,2043333.91
13837,2468260.4
13838,796261.53
13839,708868.38
13840,-359192.06
13841,823494.55
13842,-319135.8
13843,670696.27
13844,1818013.15
13845,2610844.19
13846,2807746.06
13847,2430763.12
13848,719659.59
13849,671844.14
13850,340035.43
13851,168335.29
13852,1476370.51
13853,258576.8
13854,2369103.07
13855,1369487.57
13856,1980705.69
13857,2064595.24
13858,178222.23
13859,1347901.63
13860,-279186.69
13861,1424545.38
13862,2462324.5
13863,2435172.0
13864,711262.27
13865,819456.29
13866,1403228.9
13867,534071.63
13868,844184.66
13869,909377.16
13870,1601710.85
13871,801356.47
13872,1030208.73
13873,505963.31
13874,321066.69
13875,933845.77
13876,545942.87
13877,347755.28
13878,1662063.36
13879,658014.57
13880,973939.25
13881,1523204.34
13882,713787.77
13883,533392.39
13884,2323010.92
13885,1889052.7
13886,2186284.67
13887,374611.06
13888,868590.88
13889,145043.48
13890,2268443.14
13891,-111813.17
13892,1003671.92
13893,1549272.96
13894,700509.65
13895,413999.83
13896,2126079.43
13897,1762684.76
13898,2501112.23
13899,977378.42
13900,332805.62
13901,1440844.06
13902,532598.7
13903,961190.62
13904,497637.93
13905,328513.07
13906,2063471.11
13907,1723703.16
13908,295386.5
13909,824709.0
13910,1345109.76
13911,644248.69
13912,3048.0
13913,101686.92
13914,763448.62
13915,197131.16
13916,909296.27
13917,969148.11
13918,104049.66
13919,229768.19
13920,1575676.11
13921,266192.16
13922,1174519.23
13923,343270.86
13924,423593.0
13925,1176771.69
13926,2153105.05
13927,843822.58
13928,678922.84
13929,302245.55
13930,1984875.31
13931,1683200.83
13932,216804.3
13933,2368331.82
13934,1171536.79
13935,1164322.57
13936,245410.39
13937,1144927.87
13938,1362278.2
13939,1218427.02
13940,917701.49
13941,197594.94
13942,540531.41
13943,-76724.61
13944,1220220.58
13945,127120.56
13946,894047.42
13947,743494.43
13948,1862900.51
13949,1195511.2
13950,2626158.49
13951,1199882.27
13952,-95093.03
13953,1544399.54
13954,933652.03
13955,1320345.04
13956,506845.47
13957,333823.98
13958,213893.98
13959,1955258.57
13960,596779.99
13961,132526.38
13962,709861.27
13963,1274279.31
13964,1614738.62
13965,511884.28
13966,2121865.99
13967,311029.34
13968,2965685.23
13969,1862900.51
13970,1395540.01
13971,2440563.01
13972,3221024.02
13973,548372.59
13974,444437.16
13975,186845.07
13976,1729773.14
13977,1171879.69
13978,2146899.8
13979,977378.42
13980,1120102.56
13981,120462.86
13982,1656651.1
13983,788345.46
13984,560386.07
13985,1608396.79
13986,235511.92
13987,300943.94
13988,1853687.69
13989,449438.75
13990,1665748.31
13991,1625432.17
13992,1004633.18
13993,1829636.73
13994,796261.53
13995,497637.93
13996,1921044.57
13997,1792924.67
13998,403880.06
13999,1507674.85
14000,420029.61
14001,977378.42
14002,2064500.23
14003,2255787.26
14004,1072107.53
14005,667818.42
14006,1006907.13
14007,2153105.05
14008,972286.99
14009,446891.19
14010,1802905.87
14011,610842.27
14012,166607.24
14013,892982.8
14014,1198938.29
14015,1147284.29
14016,2153160.53
14017,404344.74
14018,3601205.53
14019,1520274.13
14020,959996.7
14021,1973405.37
14022,824709.0
14023,1641187.69
14024,1497526.98
14025,562053.39
14026,1342700.02
14027,1407122.82
14028,1885101.04
14029,1625657.07
14030,3073711.54
14031,1621686.07
14032,505963.31
14033,899701.09
14034,57553.83
14035,1240788.43
14036,691869.15
14037,1144154.84
14038,861428.04
14039,169961.05
14040,545137.01
14041,1051363.4
14042,2453589.86
14043,1054259.7
14044,279191.59
14045,3000910.66
14046,818614.76
14047,1209952.04
14048,436299.37
14049,1154616.99
14050,1131580.43
14051,525541.49
14052,691157.04
14053,446368.94
14054,3681514.99
14055,229521.4
14056,1312823.86
14057,661403.86
14058,1068289.84
14059,1137924.4
14060,815746.03
14061,1466297.54
14062,65413.76
14063,2400997.38
14064,1035763.71
14065,2734145.22
14066,2114761.4
14067,1036240.44
14068,1285381.6
14069,1478462.69
14070,1022159.49
14071,153865.39
14072,849171.92
14073,67023.97
14074,1785352.7
14075,974285.52
14076,1166667.56
14077,196538.38
14078,1882427.02
14079,1973405.37
14080,755892.68
14081,-66026.57
14082,505963.31
14083,2591836.83
14084,1380016.56
14085,1882427.02
14086,1046188.06
14087,2823965.37
14088,1449567.51
14089,87627.96
14090,1223262.42
14091,124775.56
14092,1593222.06
14093,1240788.43
14094,2351380.98
14095,1201962.93
14096,2153105.05
14097,730223.12
14098,729022.58
14099,849171.92
14100,1784387.17
14101,1164579.48
14102,2968770.16
14103,1267980.12
14104,1098871.24
14105,531996.94
14106,1240788.43
14107,949860.64
14108,3198805.91
14109,883699.79
14110,1457562.9
14111,2663224.38
14112,992048.34
14113,1353472.84
14114,1025342.43
14115,1271788.43
14116,1506332.6
14117,531530.37
14118,873648.25
14119,740589.92
14120,1095677.74
14121,245410.39
14122,509671.29
14123,1297354.3
14124,1697840.6
14125,1111225.04
14126,-325491.87
14127,355256.82
14128,2906730.5
14129,299347.33
14130,1660223.74
14131,1818013.15
14132,-12658.65
14133,719659.59
14134,543691.38
14135,968928.75
14136,855370.47
14137,356060.35
14138,731293.83
14139,2407365.42
14140,1909092.11
14141,1930901.77
14142,1530711.41
14143,2456746.17
14144,2239678.3
14145,2734470.42
14146,701312.19
14147,855370.47
14148,1605009.14
14149,3099474.63
14150,533392.39
14151,-9798.38
14152,994253.8
14153,479295.24
14154,1540515.97
14155,1780357.85
14156,977378.42
14157,603777.08
14158,1420949.67
14159,593498.87
14160,390093.38
14161,441857.83
14162,1211501.79
14163,1364453.03
14164,1065463.98
14165,618696.87
14166,646139.31
14167,1602700.86
14168,1095677.74
14169,2149471.46
14170,331635.43
14171,2172183.68
14172,1336004.16
14173,816452.27
14174,614803.95
14175,912153.56
14176,423593.0
14177,1462864.44
14178,1663047.33
14179,1344491.08
14180,697177.0
14181,1550253.85
14182,2092103.6
14183,2880451.15
14184,2029777.38
14185,-347011.99
14186,424898.83
14187,328513.07
14188,2561036.84
14189,1853687.69
14190,1765549.41
14191,1634996.13
14192,1595809.87
14193,898681.22
14194,657231.26
14195,2146899.8
14196,698881.08
14197,1252130.81
14198,1655840.37
14199,799382.26
14200,2345607.52
14201,1438348.8
14202,1688500.82
14203,2369103.07
14204,704347.19
14205,1070948.83
14206,486706.28
14207,723934.77
14208,1081959.94
14209,1905404.11
14210,168065.99
14211,-301282.56
14212,216770.43
14213,849171.92
14214,-155299.65
14215,1595809.87
14216,-167633.51
14217,-90124.76
14218,185509.97
14219,798894.33
14220,1813675.46
14221,853831.07
14222,1196733.3
14223,2241211.16
14224,482545.5
14225,1337756.14
14226,584248.91
14227,2212227.49
14228,418860.26
14229,1828086.12
14230,436097.25
14231,1657087.0
14232,912735.31
14233,796261.53
14234,602273.77
14235,632434.76
14236,427643.04
14237,1457562.9
14238,1100203.74
14239,1575676.11
14240,997650.46
14241,162665.24
14242,316864.13
14243,1047259.36
14244,548372.59
14245,1587027.76
14246,1267915.55
14247,2064595.24
14248,1434883.72
14249,1159050.36
14250,849171.92
14251,10314.79
14252,644900.36
14253,939281.31
14254,229726.97
14255,657893.03
14256,1640140.99
14257,779864.83
14258,1415191.91
14259,1374446.89
14260,129046.59
14261,1703464.34
14262,1231242.26
14263,1570132.5
14264,754181.83
14265,796261.53
14266,208180.44
14267,764347.23
14268,602537.9
14269,1131580.43
14270,2265153.92
14271,2100807.64
14272,2184168.72
14273,2286286.64
14274,1198155.28
14275,1393740.06
14276,1462355.94
14277,270401.92
14278,1362278.2
14279,1260536.29
14280,1549051.55
14281,3092875.34
14282,1926260.82
14283,2158675.18
14284,1570132.5
14285,1386135.55
14286,1159107.33
14287,1150875.98
14288,2248485.62
14289,1476294.72
14290,1860144.33
14291,2697796.12
14292,1284129.32
14293,1295604.23
14294,816452.27
14295,1075151.02
14296,1117841.19
14297,1828086.12
14298,576428.63
14299,1125698.36
14300,693397.51
14301,834623.58
14302,1171536.79
14303,2077865.98
14304,2345607.52
14305,1243940.19
14306,2181580.88
14307,2591836.83
14308,2633289.53
14309,796059.24
14310,1568006.06
14311,1105153.03
14312,925168.6
14313,1171536.79
14314,1411133.47
14315,1607433.45
14316,819359.56
14317,643013.47
14318,1003671.92
14319,2413905.05
14320,1823248.05
14321,1256712.33
14322,1037098.56
14323,798894.33
14324,123589.84
14325,1688500.82
14326,1519086.42
14327,687178.03
14328,-30874.41
14329,26561.76
14330,1246769.21
14331,1649918.17
14332,333823.98
14333,1470083.43
14334,1849996.47
14335,1871688.96
14336,723055.08
14337,168335.29
14338,194024.2
14339,-71994.33
14340,246638.24
14341,1792335.78
14342,518230.63
14343,616560.59
14344,951701.05
14345,644248.69
14346,90022.74
14347,457902.69
14348,178222.23
14349,1148099.69
14350,354177.27
14351,1882427.02
14352,913825.55
14353,914790.88
14354,154279.93
14355,1291815.95
14356,1595809.87
14357,1374275.39
14358,281040.05
14359,1159344.57
14360,2009650.21
14361,2426694.42
14362,355591.74
14363,1517730.3
14364,1983092.1
14365,360668.14
14366,123789.7
14367,899701.09
14368,3174344.24
14369,750526.16
14370,1225273.43
14371,166343.98
14372,-141270.8
14373,252228.44
14374,174938.1
14375,1926847.97
14376,344555.49
14377,2488972.8
14378,-428745.78
14379,247571.06
14380,853168.34
14381,702438.12
14382,1527574.67
14383,1788179.75
14384,236948.89
14385,280697.62
14386,1733055.29
14387,471357.53
14388,2546126.39
14389,4896995.56
14390,1575676.11
14391,1314292.94
14392,422367.01
14393,1751202.1
14394,651152.07
14395,3350174.14
14396,2302719.28
14397,952547.18
14398,84924.88
14399,548372.59
14400,60782.88
14401,1122702.81
14402,1297313.58
14403,1042024.46
14404,2400997.38
14405,1073727.24
14406,879236.93
14407,799726.78
14408,411019.08
14409,993705.99
14410,222895.58
14411,1595809.87
14412,1435298.85
14413,2064500.23
14414,1454324.85
14415,3145620.78
14416,907842.64
14417,820164.08
14418,1186193.42
14419,1023559.75
14420,186822.24
14421,1415189.02
14422,-408774.09
14423,389925.36
14424,1333585.58
14425,1077628.99
14426,1285471.58
14427,1575117.98
14428,965771.99
14429,515644.24
14430,1733055.29
14431,1842391.96
14432,1037629.52
14433,1748428.47
14434,1570132.5
14435,47787.47
14436,1757913.94
14437,1470558.27
14438,2459855.95
14439,689046.59
14440,2865518.19
14441,2077071.88
14442,2392084.88
14443,1524476.77
14444,2473792.64
14445,581125.0
14446,-62926.75
14447,263257.89
14448,423593.0
14449,798894.33
14450,1284129.32
14451,1616164.38
14452,3040269.35
14453,849171.92
14454,508000.2
14455,-12658.65
14456,755892.68
14457,1215081.94
14458,569368.75
14459,177808.51
14460,598262.85
14461,710197.97
14462,1583182.46
14463,1437923.57
14464,463216.77
14465,3174344.24
14466,188473.99
14467,1332461.96
14468,1088136.58
14469,1745165.63
14470,750624.78
14471,2089882.49
14472,1693591.09
14473,259193.01
14474,1111324.38
14475,1337756.14
14476,180421.45
14477,1605882.84
14478,625460.75
14479,-281638.21
14480,247047.02
14481,1581756.08
14482,678922.84
14483,578951.08
14484,2632423.9
14485,128953.23
14486,417520.81
14487,1187180.99
14488,1310606.3
14489,186584.07
14490,340835.77
14491,757683.16
14492,385842.18
14493,1532850.78
14494,1973405.37
14495,359143.81
14496,495693.73
14497,456719.57
14498,855370.47
14499,188459.09
14500,2194107.57
14501,1536004.15
14502,796261.53
14503,1334440.41
14504,220008.47
14505,737793.43
14506,1293398.7
14507,-111813.17
14508,698881.08
14509,2420421.67
14510,777202.12
14511,1882427.02
14512,1836633.6
14513,1785352.7
14514,866975.43
14515,1075151.02
14516,1369487.57
14517,858429.21
14518,543691.38
14519,1662823.45
14520,-254240.74
14521,652113.61
14522,1220705.22
14523,472880.09
14524,883699.79
14525,1291815.95
14526,1899782.12
14527,798894.33
14528,308735.92
14529,354177.27
14530,1587171.64
14531,981193.88
14532,775308.61
14533,183405.5
14534,424898.83
14535,1457562.9
14536,2118685.71
14537,345281.86
14538,527863.39
14539,505644.76
14540,796261.53
14541,889586.95
14542,1266226.06
14543,301159.78
14544,504351.18
14545,1373776.6
14546,936904.05
14547,1966333.09
14548,543522.76
14549,693982.22
14550,2153965.02
14551,-290390.8
14552,910555.88
14553,580685.64
14554,3053570.87
14555,1702678.67
14556,2429871.39
14557,754973.08
14558,1151696.76
14559,977378.42
14560,-251175.75
14561,463464.57
14562,596779.99
14563,614164.64
14564,513189.33
14565,136617.03
14566,548372.59
14567,1973405.37
14568,1575676.11
14569,-46432.28
14570,965980.11
14571,262969.32
14572,936904.05
14573,1125698.36
14574,1297354.3
14575,1137924.4
14576,2194107.57
14577,1218389.3
14578,1054680.93
14579,779864.83
14580,2101527.09
14581,1004478.94
14582,305615.62
14583,1167751.22
14584,168065.99
14585,1657087.0
14586,483689.6
14587,1168674.92
14588,1828086.12
14589,796261.53
14590,977378.42
14591,1369487.57
14592,491942.05
14593,849171.92
14594,2400997.38
14595,997491.86
14596,548372.59
14597,824709.0
14598,250887.87
14599,1457562.9
14600,684219.87
14601,2108711.41
14602,740503.26
14603,816452.27
14604,1563149.42
14605,529758.77
14606,280697.62
14607,1540097.37
14608,272081.35
14609,1192184.8
14610,613936.9
14611,925497.68
14612,1792335.78
14613,1063099.73
14614,184218.12
14615,1267980.12
14616,671562.2
14617,614026.35
14618,1523512.18
14619,511576.68
14620,641955.75
14621,671559.45
14622,1376820.27
14623,745320.37
14624,2012819.69
14625,858916.2
14626,1747769.7
14627,853954.46
14628,475098.54
14629,2694159.75
14630,279301.66
14631,1657087.0
14632,783805.2
14633,1641265.78
14634,135658.39
14635,145095.66
14636,577368.9
14637,1042024.46
14638,654930.53
14639,1589030.19
14640,1482691.65
14641,1657087.0
14642,586231.9
14643,1171536.79
14644,1944419.51
14645,315045.41
14646,208176.12
14647,1466297.54
14648,553838.7
14649,1561000.32
14650,1503982.38
14651,698881.08
14652,4046.98
14653,1833657.32
14654,2642916.56
14655,-358746.98
14656,1219732.71
14657,1124708.14
14658,952104.82
14659,418193.43
14660,238918.51
14661,2731593.37
14662,344217.56
14663,9058.3
14664,2400997.38
14665,-342510.58
14666,643985.59
14667,280632.98
14668,847664.02
14669,1277612.02
14670,1616069.66
14671,854638.03
14672,1438504.78
14673,1785352.7
14674,2501987.98
14675,723277.9
14676,2237652.68
14677,1612738.0
14678,1108330.35
14679,737793.43
14680,1311331.73
14681,423593.0
14682,650820.25
14683,1745354.87
14684,2265537.18
14685,1466297.54
14686,1449847.24
14687,2064500.23
14688,730343.91
14689,2108773.37
14690,376450.98
14691,441857.83
14692,-29538.96
14693,635884.9
14694,746251.75
14695,179860.76
14696,801154.35
14697,849171.92
14698,847201.02
14699,1035516.22
14700,2752451.34
14701,671844.14
14702,1232009.7
14703,1454968.03
14704,1092505.8
14705,1149174.32
14706,1983092.1
14707,1042024.46
14708,378886.82
14709,1813675.46
14710,562053.39
14711,3359265.03
14712,418860.26
14713,1785352.7
14714,1167082.69
14715,-36693.31
14716,588115.85
14717,1097706.24
14718,2075672.01
14719,941862.87
14720,1575676.11
14721,988719.64
14722,1673919.05
14723,1450870.03
14724,2791588.65
14725,1098423.68
14726,1021097.6
14727,824050.18
14728,548372.59
14729,1454968.03
14730,1322395.45
14731,1566131.97
14732,1340441.6
14733,755892.68
14734,1008567.94
14735,1681592.8
14736,596291.92
14737,2194294.22
14738,1410134.1
14739,1910177.16
14740,525541.49
14741,1973405.37
14742,951365.41
14743,827235.5
14744,128252.01
14745,698881.08
14746,548372.59
14747,1210532.14
14748,798335.61
14749,596809.87
14750,625460.75
14751,-332513.21
14752,522923.41
14753,1663705.17
14754,34194.0
14755,1973405.37
14756,3502161.77
14757,208179.7
14758,337041.11
14759,3252089.12
14760,1117841.19
14761,1575676.11
14762,164312.51
14763,1996567.1
14764,1519812.82
14765,615483.85
14766,792568.63
14767,553967.56
14768,909377.16
14769,596432.66
14770,644248.69
14771,941862.87
14772,-35419.31
14773,205686.68
14774,524287.74
14775,1434883.72
14776,27876.13
14777,-419636.8
14778,1286006.81
14779,1660223.74
14780,1973405.37
14781,616560.59
14782,603331.52
14783,2181428.83
14784,1219030.46
14785,334843.82
14786,237600.55
14787,49623.58
14788,708909.55
14789,1171536.79
14790,2078263.99
14791,-30874.41
14792,1670881.58
14793,2124435.57
14794,1788620.45
14795,1170146.18
14796,1503758.5
14797,499730.62
14798,417520.81
14799,1395158.2
14800,497637.93
14801,138584.84
14802,572818.15
14803,1385780.51
14804,280697.62
14805,11936.74
14806,1042024.46
14807,993690.85
14808,1584481.47
14809,796261.53
14810,1570132.5
14811,861440.1
14812,1067730.78
14813,2565953.25
14814,2498615.4
14815,685539.59
14816,796261.53
14817,1125144.01
14818,2490370.88
14819,1507674.85
14820,2770004.51
14821,1255790.76
14822,908382.6
14823,323549.77
14824,626083.34
14825,199960.49
14826,1117748.37
14827,2551336.95
14828,1463097.91
14829,1223246.01
14830,735827.46
14831,1147284.29
14832,1018585.15
14833,909377.16
14834,652102.89
14835,178222.23
14836,757683.16
14837,1322133.65
14838,856397.39
14839,1363433.51
14840,1865878.22
14841,534529.66
14842,1393740.06
14843,748451.01
14844,739125.07
14845,1912668.93
14846,1868182.29
14847,1387566.74
14848,2379457.87
14849,132546.56
14850,1739933.58
14851,656754.35
14852,1973405.37
14853,1058108.57
14854,1476201.06
14855,1610163.56
14856,389925.36
14857,1073727.24
14858,573427.67
14859,758814.68
14860,770575.87
14861,1759090.57
14862,614321.87
14863,1123203.18
14864,719238.39
14865,500881.17
14866,588561.81
14867,1302373.2
14868,1265530.97
14869,909377.16
14870,1053112.86
14871,-111813.17
14872,1625730.55
14873,1263828.43
14874,-115804.91
14875,216804.3
14876,690829.53
14877,9550.09
14878,853168.34
14879,1133203.21
14880,547033.14
14881,1679766.18
14882,909377.16
14883,281570.57
14884,505963.31
14885,-97094.78
14886,618128.04
14887,2968770.16
14888,590058.85
14889,1440844.06
14890,573331.39
14891,1689471.75
14892,991529.74
14893,204031.66
14894,801356.47
14895,753750.73
14896,900293.66
14897,1059115.37
14898,705209.93
14899,1075151.02
14900,406008.38
14901,-201043.71
14902,442400.26
14903,1277612.02
14904,616560.59
14905,422367.01
14906,547256.51
14907,347048.71
14908,210374.0
14909,1429955.67
14910,1560812.33
14911,673203.71
14912,1582963.36
14913,1057697.1
14914,1271640.16
14915,1280579.62
14916,597758.68
14917,295386.5
14918,796261.53
14919,542486.57
14920,349118.08
14921,2146599.94
14922,2064595.24
14923,607463.87
14924,4057197.98
14925,1969976.56
14926,709916.33
14927,2387095.83
14928,-381101.21
14929,1792335.78
14930,2094410.38
14931,527383.17
14932,1657603.69
14933,909377.16
14934,1905404.11
14935,4842.65
14936,849171.92
14937,1068137.14
14938,1690569.41
14939,1905404.11
14940,972286.99
14941,1573978.83
14942,1570132.5
14943,1102816.47
14944,644248.69
14945,2103017.62
14946,-345102.89
14947,389925.36
14948,456719.57
14949,488615.71
14950,370645.33
14951,1503758.5
14952,982844.53
14953,2092103.6
14954,389925.36
14955,395015.39
14956,245410.39
14957,715839.75
14958,329118.99
14959,2151111.51
14960,1582160.91
14961,1570132.5
14962,1305371.39
14963,664332.36
14964,1563149.42
14965,1744129.81
14966,900795.39
14967,95119.54
14968,2013006.91
14969,483689.6
14970,98924.1
14971,1091192.89
14972,-201592.08
14973,1725431.47
14974,1109110.18
14975,1046731.62
14976,315087.09
14977,2276412.13
14978,1375708.76
14979,2254285.93
14980,1250843.59
14981,2195669.49
14982,1756140.94
14983,1994361.16
14984,1946922.94
14985,909024.67
14986,336104.18
14987,174872.09
14988,173801.56
14989,2686188.65
14990,1562863.07
14991,578951.08
14992,1184939.65
14993,1917327.31
14994,1132057.82
14995,1307203.79
14996,772063.61
14997,1063803.54
14998,376450.98
14999,1765101.24
15000,2064595.24
15001,1948871.56
15002,31636.11
15003,1066653.63
15004,593905.58
15005,1054259.7
15006,1792924.67
15007,779864.83
15008,140073.0
15009,593498.87
15010,315045.41
15011,1144552.77
15012,2165715.32
15013,417520.81
15014,185567.32
15015,507970.74
15016,821389.82
15017,458378.44
15018,1075566.15
15019,2558307.68
15020,2153105.05
15021,1347347.93
15022,1966333.09
15023,353449.29
15024,885646.12
15025,1607433.45
15026,739365.11
15027,-95761.33
15028,1353472.84
15029,376450.98
15030,782227.19
15031,2237652.68
15032,1028420.59
15033,306898.54
15034,1010218.26
15035,849634.75
15036,1958845.68
15037,2044149.83
15038,889478.1
15039,-29413.57
15040,593498.87
15041,1110825.56
15042,731538.02
15043,413583.98
15044,901073.41
15045,847866.09
15046,2563642.66
15047,-59957.06
15048,584619.31
15049,344618.71
15050,1476294.72
15051,802964.17
15052,-261700.71
15053,-5039.35
15054,846377.09
15055,625460.75
15056,641953.34
15057,397677.58
15058,1294795.64
15059,324204.35
15060,858929.09
15061,-252823.56
15062,289423.07
15063,891778.31
15064,1393740.06
15065,449438.75
15066,1279900.37
15067,2864065.62
15068,1020943.5
15069,1813675.46
15070,1393740.06
15071,2678494.23
15072,1605882.84
15073,1983092.1
15074,77941.04
15075,1780574.38
15076,2945781.72
15077,1371807.94
15078,2138589.52
15079,2520654.48
15080,489155.71
15081,918895.8
15082,2810110.11
15083,2236178.15
15084,1497526.98
15085,1393866.38
15086,457139.34
15087,215946.57
15088,1446163.78
15089,1528742.29
15090,1276462.97
15091,129191.72
15092,1042718.18
15093,798335.61
15094,2726395.56
15095,556592.9
15096,1412591.06
15097,1166667.56
15098,717913.33
15099,798894.33
15100,683401.62
15101,644248.69
15102,644248.69
15103,622356.97
15104,1605882.84
15105,3494426.7
15106,215946.57
15107,635884.9
15108,1434883.72
15109,1590438.37
15110,488615.71
15111,989243.77
15112,849171.92
15113,1236246.53
15114,1262702.1
15115,961975.14
15116,1068672.76
15117,969978.17
15118,1171951.91
15119,1033930.0
15120,8367.77
15121,2400997.38
15122,1167082.69
15123,272525.68
15124,856901.7
15125,702447.82
15126,1285471.58
15127,925168.6
15128,682708.28
15129,876772.81
15130,1595809.87
15131,1047259.36
15132,977378.42
15133,1044757.63
15134,1083937.03
15135,497637.93
15136,1132057.82
15137,625460.75
15138,1605997.0
15139,825194.68
15140,909377.16
15141,430232.19
15142,931546.25
15143,685539.59
15144,469829.34
15145,972625.72
15146,543522.76
15147,1240473.56
15148,-82759.4
15149,1793230.49
15150,1154616.99
15151,-43832.33
15152,94662.0
15153,1887453.5
15154,779864.83
15155,536023.44
15156,855298.7
15157,269458.9
15158,2205731.15
15159,748451.01
15160,728042.62
15161,1271225.03
15162,1817510.7
15163,1521918.96
15164,1097618.94
15165,2606240.03
15166,1141708.89
15167,106395.75
15168,1412591.06
15169,216804.3
15170,1536774.75
15171,665837.56
15172,668460.85
15173,584417.19
15174,65976.03
15175,-149896.54
15176,584581.57
15177,884766.68
15178,905377.94
15179,1240788.43
15180,1558418.6
15181,1788714.84
15182,172373.29
15183,798894.33
15184,1075151.02
15185,1745581.99
15186,-233728.4
15187,390538.57
15188,1440844.06
15189,109509.59
15190,1075151.02
15191,2153160.53
15192,1620743.81
15193,97527.16
15194,2153105.05
15195,973950.83
15196,332152.44
15197,615844.74
15198,1523378.71
15199,698881.08
15200,1834105.89
15201,955988.9
15202,1767504.67
15203,445136.85
15204,140073.0
15205,259365.08
15206,396464.77
15207,186822.24
15208,719659.59
15209,1575676.11
15210,1369487.57
15211,-62871.68
15212,2262243.46
15213,1862900.51
15214,3579096.82
15215,1133991.27
15216,884886.8
15217,1523204.34
15218,1101236.01
15219,760893.02
15220,641839.8
15221,583519.28
15222,180395.77
15223,883699.79
15224,1367290.03
15225,776183.4
15226,1785352.7
15227,1497526.98
15228,657231.26
15229,426692.13
15230,550767.02
15231,3049243.29
15232,600329.66
15233,646166.78
15234,909377.16
15235,1131580.43
15236,1345406.45
15237,578444.66
15238,909145.22
15239,-344211.87
15240,363109.49
15241,1393740.06
15242,1821259.05
15243,806822.59
15244,1641790.73
15245,673203.71
15246,1435298.85
15247,2549533.44
15248,577368.9
15249,536680.22
15250,941862.87
15251,397677.58
15252,340835.77
15253,884149.77
15254,1822253.47
15255,1516735.75
15256,40487.16
15257,124634.33
15258,1281848.7
15259,3145384.9
15260,1662823.45
15261,1139161.72
15262,1194490.27
15263,957881.88
15264,93376.69
15265,506330.04
15266,2561036.84
15267,-350620.46
15268,801154.35
15269,2369902.25
15270,241594.13
15271,982844.53
15272,162910.15
15273,536659.07
15274,1621763.13
15275,1836621.18
15276,834277.27
15277,972286.99
15278,236886.9
15279,2172724.59
15280,620804.83
15281,1152835.01
15282,2078716.85
15283,-291522.55
15284,2265153.92
15285,2153105.05
15286,2043333.91
15287,1039237.68
15288,801356.47
15289,213893.98
15290,616560.59
15291,889184.31
15292,2694159.75
15293,1743166.31
15294,332967.55
15295,92534.97
15296,2170212.41
15297,2766138.16
15298,1821259.05
15299,908745.88
15300,719659.59
15301,2875998.64
15302,133064.13
15303,876772.81
15304,-297240.47
15305,1384230.17
15306,922147.43
15307,848828.72
15308,811311.56
15309,1619101.57
15310,1042351.39
15311,1938872.29
15312,411019.08
15313,279191.59
15314,315439.67
15315,2238971.64
15316,477426.53
15317,941293.36
15318,-71261.41
15319,2884340.96
15320,411019.08
15321,380095.82
15322,644248.69
15323,1172196.52
15324,1912668.93
15325,359234.64
15326,796261.53
15327,394396.68
15328,1311331.73
15329,1338493.96
15330,514736.36
15331,1327069.68
15332,1825393.92
15333,1356517.92
15334,1654652.54
15335,-155409.9
15336,1983527.87
15337,390093.38
15338,792364.96
15339,755023.08
15340,1297769.42
15341,818791.01
15342,588221.71
15343,324204.35
15344,1677306.43
15345,792568.63
15346,1384147.11
15347,1042024.46
15348,986358.14
15349,2773711.31
15350,1745581.99
15351,2189599.57
15352,1621327.11
15353,1047271.64
15354,2143311.25
15355,977378.42
15356,933038.59
15357,1284129.32
15358,158242.18
15359,1666920.01
15360,449438.75
15361,1939340.33
15362,37036.59
15363,2771536.5
15364,349401.61
15365,1039832.74
15366,412842.31
15367,951701.05
15368,-17464.9
15369,849171.92
15370,1087712.92
15371,1882427.02
15372,826977.78
15373,1155414.39
15374,693397.51
15375,1457240.41
15376,2518137.81
15377,1353472.84
15378,2771536.5
15379,305615.62
15380,256738.32
15381,1492945.84
15382,1135078.98
15383,661354.76
15384,1595809.87
15385,1082534.38
15386,1939340.33
15387,824341.96
15388,1220705.22
15389,2365112.01
15390,-35619.21
15391,2253490.8
15392,1675885.92
15393,1302444.57
15394,371943.6
15395,2365112.01
15396,1733055.29
15397,1926348.27
15398,654549.36
15399,1054259.7
15400,632434.76
15401,1775891.78
15402,-202853.77
15403,2101923.15
15404,1125789.21
15405,1327069.68
15406,2694159.75
15407,1457562.9
15408,1030051.76
15409,909377.16
15410,1992008.68
15411,854987.02
15412,1351057.87
15413,548372.59
15414,554866.63
15415,1792335.78
15416,1285381.6
15417,1305371.39
15418,195360.24
15419,2153105.05
15420,507970.74
15421,767877.41
15422,1388870.84
15423,730343.91
15424,336318.77
15425,-393202.75
15426,593542.75
15427,1347901.63
15428,1288500.24
15429,1575676.11
15430,2759563.8
15431,-309286.77
15432,28829.28
15433,959753.84
15434,201076.85
15435,1973405.37
15436,295386.5
15437,2925127.31
15438,544320.06
15439,755239.94
15440,2445470.46
15441,1148099.69
15442,863535.92
15443,1025616.16
15444,315727.03
15445,847866.09
15446,305615.62
15447,547191.03
15448,1215081.94
15449,2019629.32
15450,1634198.45
15451,2860354.37
15452,1340441.6
15453,867979.53
15454,265006.15
15455,1311331.73
15456,1558418.6
15457,1573142.0
15458,1016873.15
15459,411019.08
15460,1427114.22
15461,448017.02
15462,2952239.23
15463,1431885.53
15464,3163013.48
15465,2771536.5
15466,279333.35
15467,356368.31
15468,575616.24
15469,548372.59
15470,616560.59
15471,665688.98
15472,596432.66
15473,1598629.73
15474,778148.72
15475,533392.39
15476,1595809.87
15477,2771536.5
15478,355591.74
15479,635884.9
15480,-111813.17
15481,1754893.26
15482,412560.83
15483,1157345.02
15484,879032.73
15485,543522.76
15486,505963.31
15487,1447469.62
15488,-57020.49
15489,1785459.53
15490,324204.35
15491,1777985.85
15492,536349.17
15493,2026381.91
15494,1882035.43
15495,633095.19
15496,442590.22
15497,2268728.23
15498,540531.41
15499,2230278.42
15500,1792335.78
15501,296195.12
15502,860475.52
15503,100415.4
15504,384087.49
15505,648157.4
15506,1497526.98
15507,1284129.32
15508,-60394.33
15509,1772897.81
15510,1609543.28
15511,826476.58
15512,611484.84
15513,-7395.02
15514,801436.24
15515,972815.84
15516,354983.09
15517,820164.08
15518,2630225.41
15519,2184943.0
15520,-29138.23
15521,583597.6
15522,1295604.23
15523,944381.88
15524,801356.47
15525,1417635.01
15526,823749.03
15527,723934.77
15528,1053651.48
15529,417520.81
15530,907578.72
15531,-36671.27
15532,2700811.38
15533,1175200.71
15534,207507.74
15535,1333585.58
15536,1323903.19
15537,1147371.88
15538,1199882.27
15539,1882427.02
15540,418860.26
15541,1288500.24
15542,144112.67
15543,1223525.94
15544,1369487.57
15545,376450.98
15546,1208007.77
15547,1351087.8
15548,152775.91
15549,1297354.3
15550,548372.59
15551,798894.33
15552,831936.08
15553,1279786.99
15554,1210812.41
15555,796261.53
15556,866451.97
15557,2265537.18
15558,1131074.29
15559,1213233.57
15560,538603.29
15561,1575676.11
15562,1214618.87
15563,131576.51
15564,884149.77
15565,2193626.63
15566,701483.03
15567,1677838.3
15568,1154616.99
15569,719659.59
15570,2610088.12
15571,472778.14
15572,1899501.29
15573,1035154.02
15574,1502094.82
15575,3233270.54
15576,2691001.83
15577,1928153.06
15578,1125698.36
15579,1411358.35
15580,2186284.67
15581,2626158.49
15582,1605807.05
15583,1575676.11
15584,-100667.26
15585,161837.37
15586,911054.62
15587,1570132.5
15588,2057330.95
15589,1280299.76
15590,2501699.27
15591,1111294.9
15592,1296636.75
15593,1873950.62
15594,1828086.12
15595,1258451.96
15596,131741.13
15597,849142.75
15598,-12702.77
15599,1726.36
15600,859194.03
15601,368745.3
15602,2153105.05
15603,1014413.0
15604,1047259.36
15605,2160499.92
15606,1530711.41
15607,1006907.13
15608,622590.09
15609,2144705.8
15610,1168361.01
15611,380275.28
15612,909377.16
15613,1559491.35
15614,968036.04
15615,2254285.93
15616,853010.37
15617,452720.69
15618,3070827.14
15619,578951.08
15620,1333045.31
15621,1545073.84
15622,685539.59
15623,1178449.0
15624,266097.33
15625,927332.17
15626,298362.25
15627,616560.59
15628,2265537.18
15629,654283.25
15630,1178467.47
15631,769699.75
15632,121656.36
15633,2453589.86
15634,644248.69
15635,758041.92
15636,2254285.93
15637,-118759.85
15638,1063803.54
15639,392026.13
15640,569368.75
15641,2428067.13
15642,1950809.99
15643,1595809.87
15644,-38310.96
15645,757348.29
15646,303177.79
15647,1948739.63
15648,798335.61
15649,2161618.93
15650,906203.15
15651,2078263.99
15652,1078943.28
15653,-78151.85
15654,1869900.33
15655,2068832.21
15656,1868052.89
15657,1350078.61
15658,1353472.84
15659,1202759.82
15660,1832645.61
15661,583225.9
15662,270720.76
15663,317412.41
15664,2024898.55
15665,451395.17
15666,2075447.83
15667,1207801.49
15668,309144.94
15669,484114.82
15670,376296.42
15671,2727599.1
15672,909377.16
15673,849171.92
15674,1878983.09
15675,2634595.17
15676,131179.81
15677,794891.2
15678,21353.11
15679,1284129.32
15680,1378430.17
15681,1353472.84
15682,984499.35
15683,992048.34
15684,508722.35
15685,2193626.63
15686,290362.2
15687,1178296.34
15688,1745407.62
15689,197594.94
15690,-333342.99
15691,1660223.74
15692,2241211.16
15693,1284129.32
15694,658251.73
15695,1210532.14
15696,2453589.86
15697,848828.72
15698,912082.63
15699,1605882.84
15700,1756655.05
15701,307734.56
15702,90463.27
15703,2591836.83
15704,1554761.2
15705,1414388.08
15706,782227.19
15707,2511187.1
15708,432053.83
15709,1970383.42
15710,458913.83
15711,754187.46
15712,384067.85
15713,436097.25
15714,960085.67
15715,635884.9
15716,2507936.46
15717,552737.08
15718,1440620.17
15719,207542.23
15720,472761.44
15721,3258189.17
15722,1002068.1
15723,849171.92
15724,420029.61
15725,1353472.84
15726,533392.39
15727,1912484.38
15728,1584566.62
15729,366393.48
15730,1492945.84
15731,1166667.56
15732,497637.93
15733,2276412.13
15734,1048454.2
15735,679450.09
15736,1415660.84
15737,2394860.37
15738,914790.88
15739,2012819.69
15740,548372.59
15741,354177.27
15742,279191.59
15743,1230462.93
15744,636161.43
15745,1507674.85
15746,1257355.24
15747,2801041.99
15748,1234082.94
15749,1373776.6
15750,1332687.39
15751,785608.87
15752,2254285.93
15753,117797.5
15754,1558418.6
15755,-133937.61
15756,1440844.06
15757,1171536.79
15758,485104.07
15759,403880.06
15760,850860.32
15761,1369487.57
15762,677748.44
15763,2004768.65
15764,1973405.37
15765,1285471.58
15766,251270.27
15767,2082325.69
15768,-26566.98
15769,1701871.85
15770,693982.22
15771,1973405.37
15772,2172637.06
15773,472761.44
15774,1536115.77
15775,1366832.45
15776,742607.97
15777,977378.42
15778,941051.01
15779,1319385.98
15780,1091608.02
15781,2369103.07
15782,1319146.19
15783,4138065.27
15784,2669890.49
15785,816452.27
15786,1154616.99
15787,1393740.06
15788,1017771.96
15789,1828086.12
15790,534272.5
15791,60869.01
15792,1063178.32
15793,1497526.98
15794,1595809.87
15795,2734470.42
15796,2194067.62
15797,1296636.75
15798,-57590.08
15799,182397.27
15800,894047.42
15801,976051.81
15802,909377.16
15803,854172.77
15804,1092201.7
15805,1622189.38
15806,135927.27
15807,-42999.37
15808,1070282.75
15809,1046731.62
15810,687539.53
15811,937141.3
15812,2528105.6
15813,900293.66
15814,949676.41
15815,472778.14
15816,1705935.57
15817,717990.73
15818,820164.08
15819,472880.09
15820,636152.61
15821,644248.69
15822,813989.9
15823,1933082.04
15824,426179.6
15825,70669.37
15826,115023.25
15827,3929249.33
15828,2910248.1
15829,755783.31
15830,751200.44
15831,505963.31
15832,1135573.34
15833,1583312.04
15834,518042.35
15835,1448918.39
15836,742085.08
15837,2422646.74
15838,2433738.38
15839,211187.34
15840,1554038.59
15841,2002136.55
15842,1393740.06
15843,1328663.09
15844,1328050.57
15845,2549333.22
15846,1696873.43
15847,332152.44
15848,675932.13
15849,2365112.01
15850,909377.16
15851,306020.87
15852,389925.36
15853,1343113.88
15854,977378.42
15855,2514611.25
15856,1555632.54
15857,1157722.49
15858,67023.97
15859,294214.0
15860,1291815.95
15861,855298.7
15862,1512701.33
15863,1761308.22
15864,594432.88
15865,2880651.24
15866,1930901.77
15867,824709.0
15868,847866.09
15869,757683.16
15870,378487.87
15871,1105903.06
15872,1792335.78
15873,105278.06
15874,796261.53
15875,-447276.34
15876,944000.08
15877,1017299.59
15878,1828086.12
15879,1648228.19
15880,215106.38
15881,1683200.83
15882,400033.36
15883,698881.08
15884,3202401.46
15885,614321.87
15886,616560.59
15887,644248.69
15888,853168.34
15889,599407.48
15890,671559.45
15891,1518840.03
15892,373616.88
15893,1694908.03
15894,488615.71
15895,900293.66
15896,1210566.66
15897,185777.91
15898,997491.86
15899,2118447.09
15900,1109287.48
15901,951701.05
15902,72010.72
15903,1017771.96
15904,497637.93
15905,355591.74
15906,814936.69
15907,2692398.48
15908,798894.33
15909,2490859.8
15910,1828086.12
15911,895745.4
15912,1433637.09
15913,1654652.54
15914,2068112.12
15915,773619.73
15916,801356.47
15917,1863245.33
15918,505963.31
15919,1003671.92
15920,343719.13
15921,892632.93
15922,2453589.86
15923,833240.71
15924,972286.99
15925,1075497.07
15926,1787827.79
15927,380486.22
15928,738391.76
15929,435127.95
15930,1522733.36
15931,1463097.91
15932,1117841.19
15933,145095.66
15934,543691.38
15935,1532246.82
15936,225302.19
15937,363109.49
15938,735244.98
15939,2818066.07
15940,1837557.25
15941,1595809.87
15942,1135270.48
15943,420652.72
15944,-95761.33
15945,307830.08
15946,1655840.37
15947,1957369.29
15948,1078681.48
15949,1003274.22
15950,819456.29
15951,533683.52
15952,2175890.68
15953,418860.26
15954,2605914.48
15955,949676.41
15956,852719.92
15957,977378.42
15958,403880.06
15959,2318359.78
15960,1366645.48
15961,1223960.51
15962,1032788.09
15963,977378.42
15964,1674632.63
15965,1241429.48
15966,1681920.93
15967,97527.16
15968,732160.97
15969,1412695.06
15970,186822.24
15971,2365112.01
15972,1831246.33
15973,856845.81
15974,286844.74
15975,1785352.7
15976,1353472.84
15977,1203239.57
15978,403880.06
15979,2395365.38
15980,914843.27
15981,1075151.02
15982,501284.72
15983,1332587.34
15984,1745581.99
15985,677769.53
15986,1966333.09
15987,571253.87
15988,945152.95
15989,-408332.21
15990,2238487.68
15991,183859.84
15992,1792335.78
15993,1167751.22
15994,471873.71
15995,1457562.9
15996,1427114.22
15997,1057697.1
15998,1975788.59
15999,2056777.4
16000,388600.32
16001,2467027.98
16002,2248632.87
16003,996186.03
16004,1424710.64
16005,516053.08
16006,892676.09
16007,831244.79
16008,992048.34
16009,914790.88
16010,353406.06
16011,834270.19
16012,1166667.56
16013,505963.31
16014,1570077.72
16015,690951.39
16016,1542494.71
16017,1003446.94
16018,49623.58
16019,483689.6
16020,2001747.21
16021,2194107.57
16022,595650.63
16023,283396.38
16024,2085286.53
16025,1075151.02
16026,681281.77
16027,360567.1
16028,2043333.91
16029,-67512.72
16030,1357060.5
16031,1023559.75
16032,2437890.23
16033,886043.59
16034,1248629.38
16035,442400.26
16036,1415872.86
16037,2397692.1
16038,58292.22
16039,890435.99
16040,2064055.49
16041,1876404.67
16042,644248.69
16043,1829636.73
16044,2254285.93
16045,1912668.93
16046,2080368.9
16047,1465584.76
16048,1528762.09
16049,2459855.95
16050,370208.33
16051,1666873.58
16052,1417318.3
16053,952104.82
16054,779864.83
16055,1354261.1
16056,1283295.26
16057,488615.71
16058,1575676.11
16059,673419.06
16060,1506332.6
16061,1023470.51
16062,599146.12
16063,1013471.5
16064,-77251.4
16065,3346479.39
16066,972286.99
16067,796261.53
16068,-100667.26
16069,153244.3
16070,719585.68
16071,1582647.99
16072,718141.98
16073,1211974.21
16074,456719.57
16075,1028420.59
16076,248996.84
16077,1431885.53
16078,1473859.65
16079,-36969.25
16080,360065.68
16081,2121865.99
16082,692791.7
16083,1147284.29
16084,2114708.0
16085,1285471.58
16086,977378.42
16087,1171536.79
16088,1745581.99
16089,1792335.78
16090,1210532.14
16091,3174344.24
16092,333682.21
16093,997491.86
16094,972286.99
16095,1842391.96
16096,1966333.09
16097,1631484.42
16098,1595809.87
16099,1089509.03
16100,1980935.24
16101,216804.3
16102,1289258.01
16103,807772.46
16104,688245.77
16105,543691.38
16106,-24310.86
16107,626625.44
16108,788002.83
16109,1067601.25
16110,523017.72
16111,1010620.85
16112,408335.22
16113,2278488.3
16114,168065.99
16115,209318.14
16116,714447.06
16117,1508752.05
16118,803410.13
16119,1082890.59
16120,1210532.14
16121,2144189.6
16122,2213621.13
16123,1973405.37
16124,977378.42
16125,-590.1
16126,798894.33
16127,1214547.48
16128,1900500.49
16129,1558418.6
16130,1167124.42
16131,909377.16
16132,1055007.12
16133,306964.22
16134,1110825.56
16135,2265153.92
16136,977378.42
16137,1828086.12
16138,950936.93
16139,1336004.16
16140,1792924.67
16141,863023.26
16142,1121606.92
16143,855370.47
16144,834277.27
16145,1783390.35
16146,544320.06
16147,3174344.24
16148,354019.24
16149,2195669.49
16150,698881.08
16151,2143311.25
16152,1178631.99
16153,449438.75
16154,2254285.93
16155,1735658.53
16156,2276412.13
16157,1550253.85
16158,1975788.59
16159,772683.14
16160,269738.77
16161,520709.89
16162,856845.81
16163,-272102.65
16164,635318.03
16165,969148.11
16166,2423087.68
16167,1457562.9
16168,678191.05
16169,-79012.64
16170,1745581.99
16171,734561.0
16172,1171536.79
16173,1729814.94
16174,2289262.03
16175,1313811.29
16176,2181580.88
16177,995128.25
16178,1174519.23
16179,723055.08
16180,2415662.41
16181,661402.14
16182,1696320.05
16183,132642.93
16184,-74726.12
16185,1808249.57
16186,3455086.64
16187,436161.09
16188,1983092.1
16189,719659.59
16190,491942.05
16191,363400.18
16192,1621830.44
16193,779864.83
16194,791886.46
16195,447017.44
16196,2083762.12
16197,644900.36
16198,1126404.72
16199,1833657.32
16200,543522.76
16201,473226.34
16202,303297.37
16203,315045.41
16204,909377.16
16205,180192.72
16206,1679766.18
16207,993690.85
16208,1020309.44
16209,389925.36
16210,728125.71
16211,945862.57
16212,1236246.53
16213,1792335.78
16214,200954.48
16215,1328050.57
16216,456901.44
16217,2254285.93
16218,889184.31
16219,1281677.02
16220,-24493.09
16221,1524576.48
16222,456719.57
16223,1745407.62
16224,420152.21
16225,719659.59
16226,1978008.92
16227,308410.36
16228,-34730.77
16229,1918142.77
16230,686939.94
16231,1155072.74
16232,108279.32
16233,618938.68
16234,798026.65
16235,87425.99
16236,1396836.99
16237,1901559.26
16238,1792750.91
16239,187359.32
16240,685674.34
16241,596432.66
16242,2064500.23
16243,1946648.43
16244,644248.69
16245,1440421.86
16246,658502.65
16247,1457562.9
16248,206309.22
16249,3202401.46
16250,914790.88
16251,909377.16
16252,405119.63
16253,1219695.13
16254,2483075.0
16255,1285381.6
16256,371559.98
16257,588221.71
16258,1137924.4
16259,1109587.97
16260,292018.94
16261,2194107.57
16262,593567.49
16263,1455198.73
16264,1452869.35
16265,796261.53
16266,2525166.45
16267,718141.98
16268,2633289.53
16269,985673.75
16270,2457946.04
16271,644248.69
16272,-229813.71
16273,26463.48
16274,1536885.06
16275,616560.59
16276,1686492.58
16277,410209.95
16278,1776436.47
16279,1277864.32
16280,625460.75
16281,873051.7
16282,834277.27
16283,909024.67
16284,3163013.48
16285,723011.2
16286,1223574.37
16287,994048.1
16288,2268551.75
16289,1975788.59
16290,847866.09
16291,556027.26
16292,548372.59
16293,2060887.07
16294,483689.6
16295,993705.99
16296,-325022.33
16297,896850.14
16298,1435298.85
16299,644248.69
16300,2164517.98
16301,801356.47
16302,1077190.29
16303,2611586.36
16304,1147284.29
16305,277246.73
16306,2150643.95
16307,772179.64
16308,801356.47
16309,1470558.27
16310,2078263.99
16311,1128939.63
16312,854056.81
16313,1508606.53
16314,526830.2
16315,1070114.16
16316,1612020.6
16317,407433.66
16318,1654652.54
16319,623912.2
16320,1367387.27
16321,473145.01
16322,497637.93
16323,1651637.55
16324,1774355.98
16325,967784.06
16326,299673.13
16327,1544659.32
16328,1507674.85
16329,992048.34
16330,1444670.5
16331,2055860.6
16332,2749970.81
16333,1000605.91
16334,742607.97
16335,1792335.78
16336,463336.31
16337,2098812.13
16338,966524.35
16339,1171536.79
16340,403880.06
16341,1434883.72
16342,1014993.2
16343,2102978.55
16344,796261.53
16345,2512267.14
16346,137591.52
16347,2361426.27
16348,766525.83
16349,754973.08
16350,248727.47
16351,1063178.32
16352,616560.59
16353,853168.34
16354,1043327.7
16355,1125698.36
16356,2617857.39
16357,114521.21
16358,992094.59
16359,1937034.43
16360,2354382.38
16361,1492945.84
16362,58292.22
16363,674264.05
16364,536774.93
16365,472880.09
16366,1969636.92
16367,1421960.88
16368,1792335.78
16369,1329091.62
16370,1580468.53
16371,1605882.84
16372,2695441.68
16373,77493.79
16374,650577.9
16375,315045.41
16376,1785352.7
16377,1889123.29
16378,1595809.87
16379,2968770.16
16380,84924.88
16381,217449.95
16382,1785352.7
16383,373010.66
16384,2462324.5
16385,2333895.21
16386,2031866.55
16387,1228443.59
16388,-53517.87
16389,620939.41
16390,1614617.48
16391,404046.92
16392,2081345.11
16393,2579864.13
16394,1510127.23
16395,2100807.64
16396,1973405.37
16397,1305985.92
16398,1595235.65
16399,215946.57
16400,1973405.37
16401,849171.92
16402,1412647.1
16403,-74467.89
16404,740550.51
16405,609747.18
16406,172929.2
16407,970087.25
16408,1448039.02
16409,2828443.3
16410,444177.33
16411,2122169.68
16412,-60048.71
16413,2184943.0
16414,1406935.92
16415,81294.28
16416,648862.72
16417,2833956.94
16418,1042024.46
16419,697273.46
16420,1595809.87
16421,1595809.87
16422,1457562.9
16423,824709.0
16424,1042024.46
16425,99753.08
16426,847866.09
16427,497637.93
16428,1555788.86
16429,2078263.99
16430,632009.54
16431,1440844.06
16432,786570.39
16433,844536.13
16434,818213.99
16435,2265537.18
16436,1154616.99
16437,1874919.95
16438,1879343.78
16439,829971.68
16440,-143869.46
16441,128976.91
16442,646217.71
16443,802186.76
16444,796261.53
16445,24133.75
16446,390538.57
16447,151612.96
16448,786244.15
16449,972286.99
16450,661528.74
16451,903777.49
16452,670621.63
16453,472843.19
16454,152469.07
16455,1431885.53
16456,1094690.26
16457,140906.21
16458,632237.58
16459,1517712.76
16460,84614.46
16461,1441035.3
16462,120302.57
16463,1202342.11
16464,1206513.8
16465,90022.74
16466,824370.92
16467,1575676.11
16468,3100010.93
16469,343314.63
16470,2727599.1
16471,279191.59
16472,152978.76
16473,1291815.95
16474,598493.63
16475,470110.09
16476,478955.84
16477,1550003.99
16478,1027530.82
16479,1875017.0
16480,1213511.92
16481,2126079.43
16482,514307.55
16483,373616.88
16484,599999.03
16485,824709.0
16486,134296.0
16487,453004.77
16488,1004564.41
16489,1240788.43
16490,729022.58
16491,1487190.5
16492,2856586.46
16493,497637.93
16494,1927837.92
16495,1808.14
16496,917016.88
16497,1131580.43
16498,-67214.45
16499,1209920.93
16500,548372.59
16501,1440844.06
16502,1241203.55
16503,1091192.89
16504,508000.2
16505,363857.38
16506,505963.31
16507,1311300.13
16508,843630.2
16509,972286.99
16510,250399.27
16511,100004.7
16512,1530711.41
16513,2615145.91
16514,625460.75
16515,1230387.69
16516,1694908.03
16517,781634.19
16518,593498.87
16519,502389.64
16520,3116646.22
16521,1133184.25
16522,1101496.12
16523,1826331.05
16524,25678.47
16525,1440620.17
16526,1986158.32
16527,1284129.32
16528,572202.69
16529,851371.35
16530,751332.34
16531,1536885.06
16532,562053.39
16533,280697.62
16534,1842594.84
16535,641852.49
16536,1224410.66
16537,1041883.39
16538,442762.67
16539,1920868.74
16540,1519086.42
16541,2591836.83
16542,1780258.33
16543,873440.74
16544,442596.8
16545,943996.0
16546,1125698.36
16547,2090708.56
16548,1042024.46
16549,977378.42
16550,1167082.69
16551,2747369.73
16552,1467268.48
16553,993437.44
16554,304433.13
16555,804533.68
16556,1319965.1
16557,1216633.04
16558,281611.95
16559,687868.13
16560,787431.78
16561,26665.81
16562,810381.54
16563,1150609.93
16564,3214689.56
16565,1588488.99
16566,724341.57
16567,1275773.49
16568,1018319.19
16569,1744129.81
16570,730343.91
16571,1492916.1
16572,298076.97
16573,1792335.78
16574,1960508.58
16575,-340558.0
16576,258580.26
16577,2316774.87
16578,-79493.68
16579,1683200.83
16580,182524.95
16581,449438.75
16582,-98146.39
16583,-138623.6
16584,2078946.56
16585,1849242.58
16586,1823694.82
16587,126968.0
16588,1216037.41
16589,905899.49
16590,1375939.93
16591,948464.1
16592,3353107.0
16593,749444.1
16594,1425329.21
16595,830929.84
16596,548372.59
16597,1607122.24
16598,2168195.9
16599,1445855.08
16600,913815.37
16601,1552056.03
16602,1007214.9
16603,768577.25
16604,1683200.83
16605,17453.45
16606,2636818.83
16607,25190.11
16608,1347901.63
16609,2968770.16
16610,1846986.13
16611,909377.16
16612,727271.01
16613,578951.08
16614,754187.46
16615,366571.93
